text,label,category,source
"Simple online job: Watch videos and earn $50,000 daily. Register here: http://bit.ly/claim-reward-now",1,Job & Task Scam,synthetic_scam
Your monthly electric bill of $171.50 has been paid via automatic debit.,0,Legitimate Message,synthetic_ham
Your Amazon package with order #112-9847192 has been delivered to your front porch. View delivery photo in the app.,0,Legitimate Message,curated_ham
Reminder: Doctor appointment with Dr. Smith on Friday at 2:00 PM.,0,Legitimate Message,synthetic_ham
USPS Notice: Delivery rescheduled. View package status here: http://bit.ly/claim-reward-now,1,Delivery & Package Scam,synthetic_scam
"Police Dept: Case filed against you for unpaid penalty of $2,500. Contact +1-800-555-0144.",1,Threat & Impersonation Scam,synthetic_scam
Your order from Amazon has shipped! Estimated delivery: Friday. Track in app.,0,Legitimate Message,synthetic_ham
"Hey Michael, are we still on for coffee at 12:30 PM?",0,Legitimate Message,synthetic_ham
"Hi team, meeting notes from today's Backend Refactoring sync are uploaded to Drive.",0,Legitimate Message,synthetic_ham
"USPS: Your package delivery failed. Confirm address & pay $50,000 fee at http://support-unlock-portal.net",1,Delivery & Package Scam,synthetic_scam
"Guaranteed daily profit of $10,000 with AI crypto trader. Sign up free: http://tinyurl.com/fast-payout-2026",1,Crypto & Investment Fraud,synthetic_scam
Your verification code for Netflix is 196191. Valid for 5 minutes. Do not share with anyone.,0,Legitimate Message,synthetic_ham
Your Google subscription has expired. Update billing details at http://auth-kyc-desk.online/update to keep access.,1,Phishing & Account Security,synthetic_scam
Security Notice: HDFC detected suspicious activity. Confirm your login at http://support-unlock-portal.net,1,Banking / KYC Fraud,synthetic_scam
Your order from Nike has shipped! Estimated delivery: Wednesday. Track in app.,0,Legitimate Message,synthetic_ham
Your order from Sephora has shipped! Estimated delivery: Tuesday. Track in app.,0,Legitimate Message,synthetic_ham
Simple online job: Watch videos and earn $500 daily. Register here: http://support-unlock-portal.net,1,Job & Task Scam,synthetic_scam
Your order from Sephora has shipped! Estimated delivery: Monday. Track in app.,0,Legitimate Message,synthetic_ham
"Congratulations! You won $10,000 in Annual Customer Reward. Claim your prize at http://secure-verify-account.xyz/login",1,Lottery & Prize Scam,synthetic_scam
"Hi Emily, I left the meeting notes on your desk. Let me know if you need anything else.",0,Legitimate Message,synthetic_ham
Reminder: Doctor appointment with Dr. Brown on tomorrow at 10:00 AM.,0,Legitimate Message,synthetic_ham
"Police Dept: Case filed against you for unpaid penalty of $50,000. Contact +91-9876543210.",1,Threat & Impersonation Scam,synthetic_scam
"Guaranteed daily profit of $10,000 with AI crypto trader. Sign up free: http://tracking-reschedule-post.top",1,Crypto & Investment Fraud,synthetic_scam
"Hi team, meeting notes from today's Backend Refactoring sync are uploaded to Drive.",0,Legitimate Message,synthetic_ham
Reminder: Doctor appointment with Dr. Garcia on Tuesday at 2:00 PM.,0,Legitimate Message,synthetic_ham
Your Facebook subscription has expired. Update billing details at http://tinyurl.com/fast-payout-2026 to keep access.,1,Phishing & Account Security,synthetic_scam
You have unclaimed rewards of $250. Withdraw to your account at http://bit.ly/claim-reward-now,1,Lottery & Prize Scam,synthetic_scam
UPS Notice: Delivery rescheduled. View package status here: http://auth-kyc-desk.online/update,1,Delivery & Package Scam,synthetic_scam
Guaranteed daily profit of $250 with AI crypto trader. Sign up free: http://auth-kyc-desk.online/update,1,Crypto & Investment Fraud,synthetic_scam
"Simple online job: Watch videos and earn $2,500 daily. Register here: http://support-unlock-portal.net",1,Job & Task Scam,synthetic_scam
"Capital One: Unauthorized transfer of $10,000 to unknown account. Cancel now: http://auth-kyc-desk.online/update",1,Banking / KYC Fraud,synthetic_scam
Your verification code for Slack is 336156. Valid for 5 minutes. Do not share with anyone.,0,Legitimate Message,synthetic_ham
"Hi team, meeting notes from today's Backend Refactoring sync are uploaded to Drive.",0,Legitimate Message,synthetic_ham
"Hey, running about 10 minutes late due to traffic! See you shortly.",0,Legitimate Message,synthetic_ham
"Hi team, meeting notes from today's Backend Refactoring sync are uploaded to Drive.",0,Legitimate Message,synthetic_ham
"Hey Alex, are we still on for gym workout at 6:15 PM?",0,Legitimate Message,synthetic_ham
Thanks for dining with Chipotle! Your receipt for $39.50 has been emailed.,0,Legitimate Message,synthetic_ham
Your verification code for Apple ID is 815132. Valid for 5 minutes. Do not share with anyone.,0,Legitimate Message,synthetic_ham
"Hi Emily, I left the book on your desk. Let me know if you need anything else.",0,Legitimate Message,synthetic_ham
"Microsoft Security: Password reset requested. If this wasn't you, verify at http://support-unlock-portal.net",1,Phishing & Account Security,synthetic_scam
Your Instagram subscription has expired. Update billing details at http://tinyurl.com/fast-payout-2026 to keep access.,1,Phishing & Account Security,synthetic_scam
Hiring now: Part time remote assistant. Earn $500/day working from home. WhatsApp: +1-888-555-0199,1,Job & Task Scam,synthetic_scam
Double your Solana deposit in 24 hours. Send 0.5 Solana to receive 1.0 Solana at http://bit.ly/claim-reward-now,1,Crypto & Investment Fraud,synthetic_scam
"Canada Post: Your package delivery failed. Confirm address & pay $50,000 fee at http://auth-kyc-desk.online/update",1,Delivery & Package Scam,synthetic_scam
Your order from Nike has shipped! Estimated delivery: Friday. Track in app.,0,Legitimate Message,synthetic_ham
Guaranteed daily profit of $250 with AI crypto trader. Sign up free: http://tinyurl.com/fast-payout-2026,1,Crypto & Investment Fraud,synthetic_scam
"Hiring now: Part time remote assistant. Earn $50,000/day working from home. WhatsApp: +1-800-555-0144",1,Job & Task Scam,synthetic_scam
"Police Dept: Case filed against you for unpaid penalty of $1,200. Contact +44-20-7946-0912.",1,Threat & Impersonation Scam,synthetic_scam
Google Alert: Login attempt from London. Secure your account now at https://billing-resolution-portal.site,1,Phishing & Account Security,synthetic_scam
Microsoft Alert: Login attempt from Beijing. Secure your account now at http://support-unlock-portal.net,1,Phishing & Account Security,synthetic_scam
Can you send me the latest draft for the Mobile App Redesign presentation before 3 PM?,0,Legitimate Message,synthetic_ham
IRS Warning: Legal warrant #691670 issued for your arrest. Call +1-800-555-0144 immediately to settle.,1,Threat & Impersonation Scam,synthetic_scam
Thanks for ordering with DoorDash! Your driver John is on the way with your order from Chipotle.,0,Legitimate Message,curated_ham
Thanks for dining with Starbucks! Your receipt for $180.50 has been emailed.,0,Legitimate Message,synthetic_ham
Your Microsoft subscription has expired. Update billing details at https://billing-resolution-portal.site to keep access.,1,Phishing & Account Security,synthetic_scam
Your verification code for Apple ID is 227501. Valid for 5 minutes. Do not share with anyone.,0,Legitimate Message,synthetic_ham
Reminder: Doctor appointment with Dr. Brown on Wednesday at 12:30 PM.,0,Legitimate Message,synthetic_ham
"You have unclaimed rewards of $1,200. Withdraw to your account at http://auth-kyc-desk.online/update",1,Lottery & Prize Scam,synthetic_scam
Your verification code for Google is 637533. Valid for 5 minutes. Do not share with anyone.,0,Legitimate Message,synthetic_ham
"Hey Emily, are we still on for the movie at 6:15 PM?",0,Legitimate Message,synthetic_ham
Binance Alert: Your withdrawal of 2.45 BTC is pending. Click http://binance-release-wallet.com to approve or reject the transaction.,1,Crypto & Investment Fraud,curated_scam
IRS Warning: Legal warrant #806998 issued for your arrest. Call +91-9876543210 immediately to settle.,1,Threat & Impersonation Scam,synthetic_scam
"DHL: Your package delivery failed. Confirm address & pay $50,000 fee at http://auth-kyc-desk.online/update",1,Delivery & Package Scam,synthetic_scam
Your order from Best Buy has shipped! Estimated delivery: tomorrow. Track in app.,0,Legitimate Message,synthetic_ham
Royal Mail: Your package delivery failed. Confirm address & pay $250 fee at https://billing-resolution-portal.site,1,Delivery & Package Scam,synthetic_scam
Your PayPal subscription has expired. Update billing details at http://bit.ly/claim-reward-now to keep access.,1,Phishing & Account Security,synthetic_scam
Your Facebook subscription has expired. Update billing details at http://tracking-reschedule-post.top to keep access.,1,Phishing & Account Security,synthetic_scam
Thanks for dining with Starbucks! Your receipt for $161.50 has been emailed.,0,Legitimate Message,synthetic_ham
Can you please pick up some milk and eggs on your way back from the office?,0,Legitimate Message,curated_ham
Reminder: Doctor appointment with Dr. Williams on Thursday at 7:30 PM.,0,Legitimate Message,synthetic_ham
Guaranteed daily profit of $1.5 with AI crypto trader. Sign up free: http://secure-verify-account.xyz/login,1,Crypto & Investment Fraud,synthetic_scam
"Police Dept: Case filed against you for unpaid penalty of $2,500. Contact +1-917-555-0182.",1,Threat & Impersonation Scam,synthetic_scam
KuCoin: Pending withdrawal of 1.5 USDT. Confirm or cancel at http://tinyurl.com/fast-payout-2026,1,Crypto & Investment Fraud,synthetic_scam
Reminder: Doctor appointment with Dr. Patel on Monday at 10:00 AM.,0,Legitimate Message,synthetic_ham
"Hey, do you want to grab coffee this afternoon? I'll be in the building until 4 PM.",0,Legitimate Message,curated_ham
"Police Dept: Case filed against you for unpaid penalty of $50,000. Contact +44-20-7946-0912.",1,Threat & Impersonation Scam,synthetic_scam
"Hi team, meeting notes from today's Q3 Marketing Plan sync are uploaded to Drive.",0,Legitimate Message,synthetic_ham
"HDFC: Unauthorized transfer of $50,000 to unknown account. Cancel now: http://tinyurl.com/fast-payout-2026",1,Banking / KYC Fraud,synthetic_scam
"Simple online job: Watch videos and earn $10,000 daily. Register here: http://support-unlock-portal.net",1,Job & Task Scam,synthetic_scam
"KuCoin: Pending withdrawal of 2,500 ETH. Confirm or cancel at https://billing-resolution-portal.site",1,Crypto & Investment Fraud,synthetic_scam
Your order from Amazon has shipped! Estimated delivery: Thursday. Track in app.,0,Legitimate Message,synthetic_ham
"Dropbox Security: Password reset requested. If this wasn't you, verify at http://auth-kyc-desk.online/update",1,Phishing & Account Security,synthetic_scam
Your monthly electric bill of $153.50 has been paid via automatic debit.,0,Legitimate Message,synthetic_ham
"Dropbox Security: Password reset requested. If this wasn't you, verify at http://tinyurl.com/fast-payout-2026",1,Phishing & Account Security,synthetic_scam
"Hey James, are we still on for the movie at 6:15 PM?",0,Legitimate Message,synthetic_ham
Microsoft Alert: Login attempt from Bucharest. Secure your account now at http://support-unlock-portal.net,1,Phishing & Account Security,synthetic_scam
Your monthly electric bill of $25.50 has been paid via automatic debit.,0,Legitimate Message,synthetic_ham
Reminder: Doctor appointment with Dr. Garcia on Wednesday at 7:30 PM.,0,Legitimate Message,synthetic_ham
"Coinbase: Pending withdrawal of 2,500 Solana. Confirm or cancel at https://billing-resolution-portal.site",1,Crypto & Investment Fraud,synthetic_scam
"Congratulations! You won $2,500 in Tech Promo Draw. Claim your prize at http://support-unlock-portal.net",1,Lottery & Prize Scam,synthetic_scam
"Hey, running about 10 minutes late due to traffic! See you shortly.",0,Legitimate Message,synthetic_ham
Thanks for dining with Sweetgreen! Your receipt for $72.50 has been emailed.,0,Legitimate Message,synthetic_ham
Can you send me the latest draft for the Q3 Marketing Plan presentation before 3 PM?,0,Legitimate Message,synthetic_ham
Thanks for dining with Sweetgreen! Your receipt for $83.50 has been emailed.,0,Legitimate Message,synthetic_ham
Can you send me the latest draft for the Security Audit presentation before 3 PM?,0,Legitimate Message,synthetic_ham
Your verification code for Discord is 757425. Valid for 5 minutes. Do not share with anyone.,0,Legitimate Message,synthetic_ham
Can you send me the latest draft for the Backend Refactoring presentation before 3 PM?,0,Legitimate Message,synthetic_ham
Thanks for dining with Chipotle! Your receipt for $75.50 has been emailed.,0,Legitimate Message,synthetic_ham
Your monthly electric bill of $172.50 has been paid via automatic debit.,0,Legitimate Message,synthetic_ham
Security Notice: Wells Fargo detected suspicious activity. Confirm your login at http://secure-verify-account.xyz/login,1,Banking / KYC Fraud,synthetic_scam
Meeting reminder: Team Sprint Planning tomorrow at 10:00 AM on Google Meet. Agenda attached in calendar invite.,0,Legitimate Message,curated_ham
Your verification code for GitHub is 265102. Valid for 5 minutes. Do not share with anyone.,0,Legitimate Message,synthetic_ham
KuCoin: Pending withdrawal of 500 USDT. Confirm or cancel at https://billing-resolution-portal.site,1,Crypto & Investment Fraud,synthetic_scam
UPS Tracking: Address confirmation required for parcel 1Z9999999999999999. Verify within 12 hours: http://ups-track-package.online,1,Delivery & Package Scam,curated_scam
Hi! Amazon HR is hiring remote part-time workers! Earn $300 - $800 daily by simply rating products. No experience needed. Contact WhatsApp: +1-917-555-0144,1,Job & Task Scam,curated_scam
Your monthly electric bill of $117.50 has been paid via automatic debit.,0,Legitimate Message,synthetic_ham
"Hey, running about 10 minutes late due to traffic! See you shortly.",0,Legitimate Message,synthetic_ham
Your Microsoft subscription has expired. Update billing details at http://secure-verify-account.xyz/login to keep access.,1,Phishing & Account Security,synthetic_scam
"Police Dept: Case filed against you for unpaid penalty of $50,000. Contact +1-917-555-0182.",1,Threat & Impersonation Scam,synthetic_scam
Hiring now: Part time remote assistant. Earn $1.5/day working from home. WhatsApp: +91-9876543210,1,Job & Task Scam,synthetic_scam
Simple online job: Watch videos and earn $500 daily. Register here: http://support-unlock-portal.net,1,Job & Task Scam,synthetic_scam
"Simple online job: Watch videos and earn $50,000 daily. Register here: http://tracking-reschedule-post.top",1,Job & Task Scam,synthetic_scam
"Hi David, I left the book on your desk. Let me know if you need anything else.",0,Legitimate Message,synthetic_ham
Lucky Winner! Your phone won a free Tesla Model 3. Reply YES to claim or visit http://secure-verify-account.xyz/login,1,Lottery & Prize Scam,synthetic_scam
"You have unclaimed rewards of $10,000. Withdraw to your account at http://secure-verify-account.xyz/login",1,Lottery & Prize Scam,synthetic_scam
IRS Warning: Legal warrant #299992 issued for your arrest. Call +44-20-7946-0912 immediately to settle.,1,Threat & Impersonation Scam,synthetic_scam
Google Alert: Login attempt from Moscow. Secure your account now at http://tinyurl.com/fast-payout-2026,1,Phishing & Account Security,synthetic_scam
You have unclaimed rewards of $250. Withdraw to your account at http://auth-kyc-desk.online/update,1,Lottery & Prize Scam,synthetic_scam
Your monthly electric bill of $85.50 has been paid via automatic debit.,0,Legitimate Message,synthetic_ham
"HDFC: Unauthorized transfer of $50,000 to unknown account. Cancel now: http://secure-verify-account.xyz/login",1,Banking / KYC Fraud,synthetic_scam
Congratulations! You won $500 in Tech Promo Draw. Claim your prize at http://tracking-reschedule-post.top,1,Lottery & Prize Scam,synthetic_scam
Reminder: Doctor appointment with Dr. Brown on Tuesday at 12:30 PM.,0,Legitimate Message,synthetic_ham
Your order from Nike has shipped! Estimated delivery: Friday. Track in app.,0,Legitimate Message,synthetic_ham
Lucky Winner! Your phone won a free Rolex Watch. Reply YES to claim or visit https://billing-resolution-portal.site,1,Lottery & Prize Scam,synthetic_scam
"Congratulations! You won $50,000 in Annual Customer Reward. Claim your prize at http://support-unlock-portal.net",1,Lottery & Prize Scam,synthetic_scam
Your order from Nike has shipped! Estimated delivery: Tuesday. Track in app.,0,Legitimate Message,synthetic_ham
Can you send me the latest draft for the Backend Refactoring presentation before 3 PM?,0,Legitimate Message,synthetic_ham
"Hiring now: Part time remote assistant. Earn $10,000/day working from home. WhatsApp: +91-9876543210",1,Job & Task Scam,synthetic_scam
"Hey, running about 10 minutes late due to traffic! See you shortly.",0,Legitimate Message,synthetic_ham
Dropbox Alert: Login attempt from Lagos. Secure your account now at http://tinyurl.com/fast-payout-2026,1,Phishing & Account Security,synthetic_scam
"Simple online job: Watch videos and earn $2,500 daily. Register here: https://billing-resolution-portal.site",1,Job & Task Scam,synthetic_scam
"Hi team, meeting notes from today's Security Audit sync are uploaded to Drive.",0,Legitimate Message,synthetic_ham
"Hi team, meeting notes from today's Security Audit sync are uploaded to Drive.",0,Legitimate Message,synthetic_ham
"Hey Jessica, are we still on for coffee at 6:15 PM?",0,Legitimate Message,synthetic_ham
"Netflix Security: Password reset requested. If this wasn't you, verify at http://auth-kyc-desk.online/update",1,Phishing & Account Security,synthetic_scam
Your verification code for LinkedIn is 267246. Valid for 5 minutes. Do not share with anyone.,0,Legitimate Message,synthetic_ham
"Hey David, are we still on for coffee at 6:15 PM?",0,Legitimate Message,synthetic_ham
Urgent: Capital One card blocked. Call +44-20-7946-0912 or visit http://tinyurl.com/fast-payout-2026 with your CVV to unblock.,1,Banking / KYC Fraud,synthetic_scam
"Hi team, meeting notes from today's Mobile App Redesign sync are uploaded to Drive.",0,Legitimate Message,synthetic_ham
Hiring now: Part time remote assistant. Earn $1.5/day working from home. WhatsApp: +1-888-555-0199,1,Job & Task Scam,synthetic_scam
Your order from Nike has shipped! Estimated delivery: Wednesday. Track in app.,0,Legitimate Message,synthetic_ham
"Hi Emma, I left the office keys on your desk. Let me know if you need anything else.",0,Legitimate Message,synthetic_ham
"Hey Emily, are we still on for our study session at 2:00 PM?",0,Legitimate Message,synthetic_ham
"Hi Sarah, I left the laptop charger on your desk. Let me know if you need anything else.",0,Legitimate Message,synthetic_ham
"Hi Michael, I left the laptop charger on your desk. Let me know if you need anything else.",0,Legitimate Message,synthetic_ham
Double your Bitcoin deposit in 24 hours. Send 0.5 Bitcoin to receive 1.0 Bitcoin at http://tracking-reschedule-post.top,1,Crypto & Investment Fraud,synthetic_scam
"Hey, running about 10 minutes late due to traffic! See you shortly.",0,Legitimate Message,synthetic_ham
"Guaranteed daily profit of $50,000 with AI crypto trader. Sign up free: http://tinyurl.com/fast-payout-2026",1,Crypto & Investment Fraud,synthetic_scam
Double your Bitcoin deposit in 24 hours. Send 0.5 Bitcoin to receive 1.0 Bitcoin at http://secure-verify-account.xyz/login,1,Crypto & Investment Fraud,synthetic_scam
Your SBI account #733880 is restricted. Update KYC at http://auth-kyc-desk.online/update within 24h.,1,Banking / KYC Fraud,synthetic_scam
Double your Solana deposit in 24 hours. Send 0.5 Solana to receive 1.0 Solana at http://tinyurl.com/fast-payout-2026,1,Crypto & Investment Fraud,synthetic_scam
You have unclaimed rewards of $500. Withdraw to your account at https://billing-resolution-portal.site,1,Lottery & Prize Scam,synthetic_scam
"Hi team, meeting notes from today's Backend Refactoring sync are uploaded to Drive.",0,Legitimate Message,synthetic_ham
Reminder: Your library books 'Introduction to Algorithms' and 'Designing Data-Intensive Apps' are due on Friday.,0,Legitimate Message,curated_ham
Guaranteed daily profit of $1.5 with AI crypto trader. Sign up free: http://auth-kyc-desk.online/update,1,Crypto & Investment Fraud,synthetic_scam
"Hey Emma, are we still on for lunch at 10:00 AM?",0,Legitimate Message,synthetic_ham
Your electricity bill for the period July 1 to July 31 has been generated. Amount: $84.20. Autopay enabled.,0,Legitimate Message,curated_ham
Security Notice: Bank of America detected suspicious activity. Confirm your login at http://bit.ly/claim-reward-now,1,Banking / KYC Fraud,synthetic_scam
Can you send me the latest draft for the Backend Refactoring presentation before 3 PM?,0,Legitimate Message,synthetic_ham
"You have unclaimed rewards of $50,000. Withdraw to your account at https://billing-resolution-portal.site",1,Lottery & Prize Scam,synthetic_scam
"Hiring now: Part time remote assistant. Earn $50,000/day working from home. WhatsApp: +1-800-555-0144",1,Job & Task Scam,synthetic_scam
Thanks for dining with Panera Bread! Your receipt for $99.50 has been emailed.,0,Legitimate Message,synthetic_ham
Reminder: Doctor appointment with Dr. Brown on Thursday at 7:30 PM.,0,Legitimate Message,synthetic_ham
Your order from Target has shipped! Estimated delivery: Tuesday. Track in app.,0,Legitimate Message,synthetic_ham
Double your Solana deposit in 24 hours. Send 0.5 Solana to receive 1.0 Solana at https://billing-resolution-portal.site,1,Crypto & Investment Fraud,synthetic_scam
KuCoin: Pending withdrawal of 1.5 Solana. Confirm or cancel at http://secure-verify-account.xyz/login,1,Crypto & Investment Fraud,synthetic_scam
"KuCoin: Pending withdrawal of 50,000 Solana. Confirm or cancel at http://tracking-reschedule-post.top",1,Crypto & Investment Fraud,synthetic_scam
Can you send me the latest draft for the Security Audit presentation before 3 PM?,0,Legitimate Message,synthetic_ham
"Hey, running about 10 minutes late due to traffic! See you shortly.",0,Legitimate Message,synthetic_ham
"Google Security: Password reset requested. If this wasn't you, verify at http://tinyurl.com/fast-payout-2026",1,Phishing & Account Security,synthetic_scam
Your monthly electric bill of $151.50 has been paid via automatic debit.,0,Legitimate Message,synthetic_ham
"Hi Sarah, I left the project report on your desk. Let me know if you need anything else.",0,Legitimate Message,synthetic_ham
"Hey Alex, are we still on for coffee at 10:00 AM?",0,Legitimate Message,synthetic_ham
"Police Dept: Case filed against you for unpaid penalty of $2,500. Contact +91-9876543210.",1,Threat & Impersonation Scam,synthetic_scam
"Hey, running about 10 minutes late due to traffic! See you shortly.",0,Legitimate Message,synthetic_ham
Your order from Amazon has shipped! Estimated delivery: Monday. Track in app.,0,Legitimate Message,synthetic_ham
"Hi team, meeting notes from today's Mobile App Redesign sync are uploaded to Drive.",0,Legitimate Message,synthetic_ham
Reminder: Doctor appointment with Dr. Williams on tomorrow at 10:00 AM.,0,Legitimate Message,synthetic_ham
"Hi team, meeting notes from today's Q3 Marketing Plan sync are uploaded to Drive.",0,Legitimate Message,synthetic_ham
"Hey, running about 10 minutes late due to traffic! See you shortly.",0,Legitimate Message,synthetic_ham
"Hey Daniel, are we still on for lunch at 7:30 PM?",0,Legitimate Message,synthetic_ham
Security Notice: Capital One detected suspicious activity. Confirm your login at http://bit.ly/claim-reward-now,1,Banking / KYC Fraud,synthetic_scam
Tracking Alert: Package #141622 is on hold at customs. Clear payment: http://auth-kyc-desk.online/update,1,Delivery & Package Scam,synthetic_scam
"Hi team, meeting notes from today's Security Audit sync are uploaded to Drive.",0,Legitimate Message,synthetic_ham
Double your USDT deposit in 24 hours. Send 0.5 USDT to receive 1.0 USDT at http://auth-kyc-desk.online/update,1,Crypto & Investment Fraud,synthetic_scam
Reminder: Doctor appointment with Dr. Williams on Monday at 10:00 AM.,0,Legitimate Message,synthetic_ham
Can you send me the latest draft for the Q3 Marketing Plan presentation before 3 PM?,0,Legitimate Message,synthetic_ham
Your monthly electric bill of $173.50 has been paid via automatic debit.,0,Legitimate Message,synthetic_ham
Can you send me the latest draft for the Backend Refactoring presentation before 3 PM?,0,Legitimate Message,synthetic_ham
IRS Warning: Legal warrant #800238 issued for your arrest. Call +1-917-555-0182 immediately to settle.,1,Threat & Impersonation Scam,synthetic_scam
Reminder: Doctor appointment with Dr. Garcia on Monday at 10:00 AM.,0,Legitimate Message,synthetic_ham
"Hey, running about 10 minutes late due to traffic! See you shortly.",0,Legitimate Message,synthetic_ham
Your order from Amazon has shipped! Estimated delivery: Tuesday. Track in app.,0,Legitimate Message,synthetic_ham
Facebook Alert: Login attempt from Beijing. Secure your account now at https://billing-resolution-portal.site,1,Phishing & Account Security,synthetic_scam
"Congratulations! You won $1,200 in Tech Promo Draw. Claim your prize at http://tinyurl.com/fast-payout-2026",1,Lottery & Prize Scam,synthetic_scam
"Guaranteed daily profit of $50,000 with AI crypto trader. Sign up free: http://tinyurl.com/fast-payout-2026",1,Crypto & Investment Fraud,synthetic_scam
"Police Dept: Case filed against you for unpaid penalty of $50,000. Contact +44-20-7946-0912.",1,Threat & Impersonation Scam,synthetic_scam
Netflix Support: We were unable to process your monthly subscription payment. Update your credit card info now: http://netflix-billing-update.top or service will stop.,1,Phishing & Account Security,curated_scam
"Binance: Pending withdrawal of 50,000 ETH. Confirm or cancel at http://secure-verify-account.xyz/login",1,Crypto & Investment Fraud,synthetic_scam
Security Notice: Bank of America detected suspicious activity. Confirm your login at http://bit.ly/claim-reward-now,1,Banking / KYC Fraud,synthetic_scam
Can you send me the latest draft for the Backend Refactoring presentation before 3 PM?,0,Legitimate Message,synthetic_ham
Your verification code for GitHub is 429051. Valid for 5 minutes. Do not share with anyone.,0,Legitimate Message,synthetic_ham
Netflix Alert: Login attempt from Moscow. Secure your account now at https://billing-resolution-portal.site,1,Phishing & Account Security,synthetic_scam
Urgent notice from Dropbox support: Account will be closed in 12 hours. Tap https://billing-resolution-portal.site,1,Phishing & Account Security,synthetic_scam
"You have unclaimed rewards of $10,000. Withdraw to your account at https://billing-resolution-portal.site",1,Lottery & Prize Scam,synthetic_scam
"Hi team, meeting notes from today's Backend Refactoring sync are uploaded to Drive.",0,Legitimate Message,synthetic_ham
IRS Warning: Legal warrant #957040 issued for your arrest. Call +1-888-555-0199 immediately to settle.,1,Threat & Impersonation Scam,synthetic_scam
"Congratulations! You won $2,500 in Annual Customer Reward. Claim your prize at http://auth-kyc-desk.online/update",1,Lottery & Prize Scam,synthetic_scam
Thanks for dining with Chipotle! Your receipt for $131.50 has been emailed.,0,Legitimate Message,synthetic_ham
Hiring now: Part time remote assistant. Earn $500/day working from home. WhatsApp: +44-20-7946-0912,1,Job & Task Scam,synthetic_scam
"Hiring now: Part time remote assistant. Earn $1,200/day working from home. WhatsApp: +1-800-555-0144",1,Job & Task Scam,synthetic_scam
"Hi Alex, I left the laptop charger on your desk. Let me know if you need anything else.",0,Legitimate Message,synthetic_ham
"Hey Emily, are we still on for gym workout at 6:15 PM?",0,Legitimate Message,synthetic_ham
Double your USDT deposit in 24 hours. Send 0.5 USDT to receive 1.0 USDT at https://billing-resolution-portal.site,1,Crypto & Investment Fraud,synthetic_scam
Thanks for dining with Sweetgreen! Your receipt for $141.50 has been emailed.,0,Legitimate Message,synthetic_ham
Double your Bitcoin deposit in 24 hours. Send 0.5 Bitcoin to receive 1.0 Bitcoin at http://tracking-reschedule-post.top,1,Crypto & Investment Fraud,synthetic_scam
Urgent notice from Netflix support: Account will be closed in 12 hours. Tap http://tracking-reschedule-post.top,1,Phishing & Account Security,synthetic_scam
Thanks for dining with Panera Bread! Your receipt for $57.50 has been emailed.,0,Legitimate Message,synthetic_ham
"Hi team, meeting notes from today's Q3 Marketing Plan sync are uploaded to Drive.",0,Legitimate Message,synthetic_ham
Double your USDT deposit in 24 hours. Send 0.5 USDT to receive 1.0 USDT at http://auth-kyc-desk.online/update,1,Crypto & Investment Fraud,synthetic_scam
IRS Warning: Legal warrant #930336 issued for your arrest. Call +91-9876543210 immediately to settle.,1,Threat & Impersonation Scam,synthetic_scam
Binance: Pending withdrawal of 500 Bitcoin. Confirm or cancel at https://billing-resolution-portal.site,1,Crypto & Investment Fraud,synthetic_scam
"Hey Jessica, are we still on for our study session at 10:00 AM?",0,Legitimate Message,synthetic_ham
DHL: Your package delivery failed. Confirm address & pay $500 fee at http://auth-kyc-desk.online/update,1,Delivery & Package Scam,synthetic_scam
Tracking Alert: Package #916924 is on hold at customs. Clear payment: http://secure-verify-account.xyz/login,1,Delivery & Package Scam,synthetic_scam
"Barclays: Unauthorized transfer of $1,200 to unknown account. Cancel now: http://auth-kyc-desk.online/update",1,Banking / KYC Fraud,synthetic_scam
Can you send me the latest draft for the Q3 Marketing Plan presentation before 3 PM?,0,Legitimate Message,synthetic_ham
Your order from Apple Store has shipped! Estimated delivery: Friday. Track in app.,0,Legitimate Message,synthetic_ham
Reminder: Doctor appointment with Dr. Williams on Monday at 6:15 PM.,0,Legitimate Message,synthetic_ham
Thanks for dining with Chipotle! Your receipt for $143.50 has been emailed.,0,Legitimate Message,synthetic_ham
Reminder: Doctor appointment with Dr. Johnson on Thursday at 2:00 PM.,0,Legitimate Message,synthetic_ham
"You have unclaimed rewards of $50,000. Withdraw to your account at http://tracking-reschedule-post.top",1,Lottery & Prize Scam,synthetic_scam
"Amazon Security: Password reset requested. If this wasn't you, verify at http://bit.ly/claim-reward-now",1,Phishing & Account Security,synthetic_scam
Thanks for dining with Panera Bread! Your receipt for $61.50 has been emailed.,0,Legitimate Message,synthetic_ham
"Hey Sarah, are we still on for gym workout at 12:30 PM?",0,Legitimate Message,synthetic_ham
Double your Solana deposit in 24 hours. Send 0.5 Solana to receive 1.0 Solana at http://tracking-reschedule-post.top,1,Crypto & Investment Fraud,synthetic_scam
Urgent: Barclays card blocked. Call +91-9876543210 or visit http://secure-verify-account.xyz/login with your CVV to unblock.,1,Banking / KYC Fraud,synthetic_scam
USPS Notice: Delivery rescheduled. View package status here: http://auth-kyc-desk.online/update,1,Delivery & Package Scam,synthetic_scam
Thanks for dining with Sweetgreen! Your receipt for $129.50 has been emailed.,0,Legitimate Message,synthetic_ham
"KuCoin: Pending withdrawal of 2,500 Bitcoin. Confirm or cancel at http://auth-kyc-desk.online/update",1,Crypto & Investment Fraud,synthetic_scam
"Apple Security: Password reset requested. If this wasn't you, verify at http://auth-kyc-desk.online/update",1,Phishing & Account Security,synthetic_scam
"Hi Michael, I left the office keys on your desk. Let me know if you need anything else.",0,Legitimate Message,synthetic_ham
"Simple online job: Watch videos and earn $50,000 daily. Register here: https://billing-resolution-portal.site",1,Job & Task Scam,synthetic_scam
Congratulations! You won $500 in Tech Promo Draw. Claim your prize at http://bit.ly/claim-reward-now,1,Lottery & Prize Scam,synthetic_scam
"Simple online job: Watch videos and earn $1,200 daily. Register here: http://tinyurl.com/fast-payout-2026",1,Job & Task Scam,synthetic_scam
"Lucky Winner! Your phone won a free $1,000 Walmart Gift Card. Reply YES to claim or visit http://bit.ly/claim-reward-now",1,Lottery & Prize Scam,synthetic_scam
"You have unclaimed rewards of $2,500. Withdraw to your account at http://auth-kyc-desk.online/update",1,Lottery & Prize Scam,synthetic_scam
Urgent notice from Amazon support: Account will be closed in 12 hours. Tap http://secure-verify-account.xyz/login,1,Phishing & Account Security,synthetic_scam
Work from home job opportunity: Earn $50/hour liking YouTube videos and following TikTok accounts. Daily instant payout via PayPal/USDT. Tap http://t.me/easy_job_tasks,1,Job & Task Scam,curated_scam
"Dear customer, your PAN card is not linked to Chase. Update immediately: http://bit.ly/claim-reward-now",1,Banking / KYC Fraud,synthetic_scam
Your Citibank account #590690 is restricted. Update KYC at http://tracking-reschedule-post.top within 24h.,1,Banking / KYC Fraud,synthetic_scam
Security Notice: ICICI detected suspicious activity. Confirm your login at http://secure-verify-account.xyz/login,1,Banking / KYC Fraud,synthetic_scam
"You have unclaimed rewards of $2,500. Withdraw to your account at https://billing-resolution-portal.site",1,Lottery & Prize Scam,synthetic_scam
"Dear customer, your PAN card is not linked to ICICI. Update immediately: http://support-unlock-portal.net",1,Banking / KYC Fraud,synthetic_scam
Your verification code for Google is 403865. Valid for 5 minutes. Do not share with anyone.,0,Legitimate Message,synthetic_ham
Your Citibank account #758650 is restricted. Update KYC at http://tinyurl.com/fast-payout-2026 within 24h.,1,Banking / KYC Fraud,synthetic_scam
USPS: Your package delivery failed. Confirm address & pay $250 fee at http://secure-verify-account.xyz/login,1,Delivery & Package Scam,synthetic_scam
"Dear customer, your PAN card is not linked to Citibank. Update immediately: http://secure-verify-account.xyz/login",1,Banking / KYC Fraud,synthetic_scam
"Police Dept: Case filed against you for unpaid penalty of $1,200. Contact +1-917-555-0182.",1,Threat & Impersonation Scam,synthetic_scam
IRS Warning: Legal warrant #923915 issued for your arrest. Call +1-917-555-0182 immediately to settle.,1,Threat & Impersonation Scam,synthetic_scam
Your order from Amazon has shipped! Estimated delivery: Monday. Track in app.,0,Legitimate Message,synthetic_ham
Your order from Nike has shipped! Estimated delivery: Monday. Track in app.,0,Legitimate Message,synthetic_ham
FedEx: Your package delivery failed. Confirm address & pay $250 fee at http://support-unlock-portal.net,1,Delivery & Package Scam,synthetic_scam
Thanks for dining with Panera Bread! Your receipt for $32.50 has been emailed.,0,Legitimate Message,synthetic_ham
Your ICICI account #311099 is restricted. Update KYC at http://support-unlock-portal.net within 24h.,1,Banking / KYC Fraud,synthetic_scam
"Hey Alex, are we still on for our study session at 6:15 PM?",0,Legitimate Message,synthetic_ham
Urgent: Barclays card blocked. Call +91-9876543210 or visit http://secure-verify-account.xyz/login with your CVV to unblock.,1,Banking / KYC Fraud,synthetic_scam
Hiring now: Part time remote assistant. Earn $1.5/day working from home. WhatsApp: +1-800-555-0144,1,Job & Task Scam,synthetic_scam
"Hi team, meeting notes from today's Q3 Marketing Plan sync are uploaded to Drive.",0,Legitimate Message,synthetic_ham
"Hi Jessica, I left the laptop charger on your desk. Let me know if you need anything else.",0,Legitimate Message,synthetic_ham
IRS Warning: Legal warrant #967630 issued for your arrest. Call +91-9876543210 immediately to settle.,1,Threat & Impersonation Scam,synthetic_scam
"Hi Alex, I left the office keys on your desk. Let me know if you need anything else.",0,Legitimate Message,synthetic_ham
Thanks for dining with Sweetgreen! Your receipt for $51.50 has been emailed.,0,Legitimate Message,synthetic_ham
"Hiring now: Part time remote assistant. Earn $1,200/day working from home. WhatsApp: +1-917-555-0182",1,Job & Task Scam,synthetic_scam
You have unclaimed rewards of $250. Withdraw to your account at http://support-unlock-portal.net,1,Lottery & Prize Scam,synthetic_scam
"Hi team, meeting notes from today's Q3 Marketing Plan sync are uploaded to Drive.",0,Legitimate Message,synthetic_ham
"Dear customer, your PAN card is not linked to Wells Fargo. Update immediately: http://tracking-reschedule-post.top",1,Banking / KYC Fraud,synthetic_scam
"Hi team, meeting notes from today's Security Audit sync are uploaded to Drive.",0,Legitimate Message,synthetic_ham
"Dear customer, your PAN card is not linked to Bank of America. Update immediately: http://tracking-reschedule-post.top",1,Banking / KYC Fraud,synthetic_scam
"Hey Sarah, are we still on for our study session at 7:30 PM?",0,Legitimate Message,synthetic_ham
Urgent notice from Microsoft support: Account will be closed in 12 hours. Tap http://tracking-reschedule-post.top,1,Phishing & Account Security,synthetic_scam
Thanks for dining with Subway! Your receipt for $70.50 has been emailed.,0,Legitimate Message,synthetic_ham
"Police Dept: Case filed against you for unpaid penalty of $1,200. Contact +91-9876543210.",1,Threat & Impersonation Scam,synthetic_scam
Your order from Target has shipped! Estimated delivery: Wednesday. Track in app.,0,Legitimate Message,synthetic_ham
Reminder: Doctor appointment with Dr. Garcia on Thursday at 7:30 PM.,0,Legitimate Message,synthetic_ham
Amazon Alert: Login attempt from Moscow. Secure your account now at http://tracking-reschedule-post.top,1,Phishing & Account Security,synthetic_scam
Your Google subscription has expired. Update billing details at http://support-unlock-portal.net to keep access.,1,Phishing & Account Security,synthetic_scam
You have unclaimed rewards of $500. Withdraw to your account at http://tracking-reschedule-post.top,1,Lottery & Prize Scam,synthetic_scam
Your monthly electric bill of $124.50 has been paid via automatic debit.,0,Legitimate Message,synthetic_ham
"Hey, running about 10 minutes late due to traffic! See you shortly.",0,Legitimate Message,synthetic_ham
Your order from Target has shipped! Estimated delivery: tomorrow. Track in app.,0,Legitimate Message,synthetic_ham
Double your ETH deposit in 24 hours. Send 0.5 ETH to receive 1.0 ETH at http://secure-verify-account.xyz/login,1,Crypto & Investment Fraud,synthetic_scam
Your order from Sephora has shipped! Estimated delivery: Friday. Track in app.,0,Legitimate Message,synthetic_ham
Facebook Alert: Login attempt from São Paulo. Secure your account now at http://secure-verify-account.xyz/login,1,Phishing & Account Security,synthetic_scam
"Dear customer, your PAN card is not linked to Citibank. Update immediately: http://bit.ly/claim-reward-now",1,Banking / KYC Fraud,synthetic_scam
KuCoin: Pending withdrawal of 250 Solana. Confirm or cancel at http://tinyurl.com/fast-payout-2026,1,Crypto & Investment Fraud,synthetic_scam
"Hey, running about 10 minutes late due to traffic! See you shortly.",0,Legitimate Message,synthetic_ham
"Hi Daniel, I left the meeting notes on your desk. Let me know if you need anything else.",0,Legitimate Message,synthetic_ham
Your order from Nike has shipped! Estimated delivery: Wednesday. Track in app.,0,Legitimate Message,synthetic_ham
Urgent: Chase card blocked. Call +1-800-555-0144 or visit http://support-unlock-portal.net with your CVV to unblock.,1,Banking / KYC Fraud,synthetic_scam
Simple online job: Watch videos and earn $1.5 daily. Register here: https://billing-resolution-portal.site,1,Job & Task Scam,synthetic_scam
Your monthly electric bill of $177.50 has been paid via automatic debit.,0,Legitimate Message,synthetic_ham
"Lucky Winner! Your phone won a free $1,000 Walmart Gift Card. Reply YES to claim or visit https://billing-resolution-portal.site",1,Lottery & Prize Scam,synthetic_scam
Your verification code for Slack is 902163. Valid for 5 minutes. Do not share with anyone.,0,Legitimate Message,synthetic_ham
Reminder: Doctor appointment with Dr. Smith on Wednesday at 10:00 AM.,0,Legitimate Message,synthetic_ham
Congratulations! You won $500 in Tech Promo Draw. Claim your prize at http://auth-kyc-desk.online/update,1,Lottery & Prize Scam,synthetic_scam
Simple online job: Watch videos and earn $500 daily. Register here: http://tinyurl.com/fast-payout-2026,1,Job & Task Scam,synthetic_scam
SBI: Unauthorized transfer of $500 to unknown account. Cancel now: https://billing-resolution-portal.site,1,Banking / KYC Fraud,synthetic_scam
Your monthly electric bill of $175.50 has been paid via automatic debit.,0,Legitimate Message,synthetic_ham
"Dear customer, your PAN card is not linked to Barclays. Update immediately: http://secure-verify-account.xyz/login",1,Banking / KYC Fraud,synthetic_scam
Tracking Alert: Package #405407 is on hold at customs. Clear payment: http://support-unlock-portal.net,1,Delivery & Package Scam,synthetic_scam
"Lucky Winner! Your phone won a free $1,000 Walmart Gift Card. Reply YES to claim or visit http://bit.ly/claim-reward-now",1,Lottery & Prize Scam,synthetic_scam
Your verification code for Google is 667866. Valid for 5 minutes. Do not share with anyone.,0,Legitimate Message,synthetic_ham
Your Wells Fargo account #523390 is restricted. Update KYC at http://support-unlock-portal.net within 24h.,1,Banking / KYC Fraud,synthetic_scam
"Hi Daniel, I left the laptop charger on your desk. Let me know if you need anything else.",0,Legitimate Message,synthetic_ham
Your Bank of America account #178231 is restricted. Update KYC at http://bit.ly/claim-reward-now within 24h.,1,Banking / KYC Fraud,synthetic_scam
Urgent notice from Netflix support: Account will be closed in 12 hours. Tap http://bit.ly/claim-reward-now,1,Phishing & Account Security,synthetic_scam
"Google Security: Password reset requested. If this wasn't you, verify at http://bit.ly/claim-reward-now",1,Phishing & Account Security,synthetic_scam
Double your ETH deposit in 24 hours. Send 0.5 ETH to receive 1.0 ETH at http://tinyurl.com/fast-payout-2026,1,Crypto & Investment Fraud,synthetic_scam
"Hey Alex, are we still on for coffee at 12:30 PM?",0,Legitimate Message,synthetic_ham
Your Netflix subscription has expired. Update billing details at http://auth-kyc-desk.online/update to keep access.,1,Phishing & Account Security,synthetic_scam
IRS Warning: Legal warrant #148018 issued for your arrest. Call +1-800-555-0144 immediately to settle.,1,Threat & Impersonation Scam,synthetic_scam
Your PayPal subscription has expired. Update billing details at http://secure-verify-account.xyz/login to keep access.,1,Phishing & Account Security,synthetic_scam
Your Google subscription has expired. Update billing details at http://tinyurl.com/fast-payout-2026 to keep access.,1,Phishing & Account Security,synthetic_scam
USPS Notice: Delivery rescheduled. View package status here: http://support-unlock-portal.net,1,Delivery & Package Scam,synthetic_scam
"ICICI: Unauthorized transfer of $50,000 to unknown account. Cancel now: https://billing-resolution-portal.site",1,Banking / KYC Fraud,synthetic_scam
Thanks for dining with Sweetgreen! Your receipt for $73.50 has been emailed.,0,Legitimate Message,synthetic_ham
"Police Dept: Case filed against you for unpaid penalty of $50,000. Contact +91-9876543210.",1,Threat & Impersonation Scam,synthetic_scam
Your verification code for Slack is 488251. Valid for 5 minutes. Do not share with anyone.,0,Legitimate Message,synthetic_ham
Your order from Sephora has shipped! Estimated delivery: tomorrow. Track in app.,0,Legitimate Message,synthetic_ham
"Hey Alex, are we still on for lunch at 10:00 AM?",0,Legitimate Message,synthetic_ham
"Hi team, meeting notes from today's Mobile App Redesign sync are uploaded to Drive.",0,Legitimate Message,synthetic_ham
"Hi team, meeting notes from today's Mobile App Redesign sync are uploaded to Drive.",0,Legitimate Message,synthetic_ham
"Simple online job: Watch videos and earn $1,200 daily. Register here: http://auth-kyc-desk.online/update",1,Job & Task Scam,synthetic_scam
Can you send me the latest draft for the Mobile App Redesign presentation before 3 PM?,0,Legitimate Message,synthetic_ham
Reminder: Doctor appointment with Dr. Smith on Wednesday at 2:00 PM.,0,Legitimate Message,synthetic_ham
Reminder: Doctor appointment with Dr. Garcia on Wednesday at 12:30 PM.,0,Legitimate Message,synthetic_ham
PayPal Alert: Login attempt from Beijing. Secure your account now at http://tinyurl.com/fast-payout-2026,1,Phishing & Account Security,synthetic_scam
Your order from Amazon has shipped! Estimated delivery: Tuesday. Track in app.,0,Legitimate Message,synthetic_ham
Simple online job: Watch videos and earn $250 daily. Register here: http://support-unlock-portal.net,1,Job & Task Scam,synthetic_scam
"Hi Michael, I left the laptop charger on your desk. Let me know if you need anything else.",0,Legitimate Message,synthetic_ham
Your verification code for Netflix is 282285. Valid for 5 minutes. Do not share with anyone.,0,Legitimate Message,synthetic_ham
"Hi Alex, I left the book on your desk. Let me know if you need anything else.",0,Legitimate Message,synthetic_ham
Police Dept: Case filed against you for unpaid penalty of $1.5. Contact +1-800-555-0144.,1,Threat & Impersonation Scam,synthetic_scam
Hey! Are we still meeting for lunch at 12:30 PM at the Italian bistro near downtown?,0,Legitimate Message,curated_ham
Royal Mail: Your package is held at regional sorting center due to unpaid tax. Settle payment here: http://royalmail-fee-pay.xyz,1,Delivery & Package Scam,curated_scam
Canada Post Notice: Delivery rescheduled. View package status here: http://tinyurl.com/fast-payout-2026,1,Delivery & Package Scam,synthetic_scam
Can you send me the latest draft for the Backend Refactoring presentation before 3 PM?,0,Legitimate Message,synthetic_ham
Double your USDT deposit in 24 hours. Send 0.5 USDT to receive 1.0 USDT at http://bit.ly/claim-reward-now,1,Crypto & Investment Fraud,synthetic_scam
Guaranteed daily profit of $500 with AI crypto trader. Sign up free: http://tracking-reschedule-post.top,1,Crypto & Investment Fraud,synthetic_scam
"Hi Daniel, I left the meeting notes on your desk. Let me know if you need anything else.",0,Legitimate Message,synthetic_ham
Reminder: Doctor appointment with Dr. Brown on Monday at 12:30 PM.,0,Legitimate Message,synthetic_ham
Congratulations! You won $250 in Global Lottery. Claim your prize at http://bit.ly/claim-reward-now,1,Lottery & Prize Scam,synthetic_scam
"Hey Alex, are we still on for dinner at 6:15 PM?",0,Legitimate Message,synthetic_ham
Your verification code for Netflix is 971976. Valid for 5 minutes. Do not share with anyone.,0,Legitimate Message,synthetic_ham
DHL: Your package delivery failed. Confirm address & pay $250 fee at http://bit.ly/claim-reward-now,1,Delivery & Package Scam,synthetic_scam
"Chase Bank: Suspicious charge of $1,420.90 detected at Apple Store. If not you, reply NO or visit https://chase-fraud-prevention.top to dispute.",1,Banking / KYC Fraud,curated_scam
Microsoft Alert: Login attempt from Lagos. Secure your account now at https://billing-resolution-portal.site,1,Phishing & Account Security,synthetic_scam
Can you send me the latest draft for the Security Audit presentation before 3 PM?,0,Legitimate Message,synthetic_ham
Your order from Nike has shipped! Estimated delivery: Monday. Track in app.,0,Legitimate Message,synthetic_ham
Your order from Target has shipped! Estimated delivery: Friday. Track in app.,0,Legitimate Message,synthetic_ham
Reminder: Doctor appointment with Dr. Smith on Thursday at 12:30 PM.,0,Legitimate Message,synthetic_ham
"Hi Sarah, I left the project report on your desk. Let me know if you need anything else.",0,Legitimate Message,synthetic_ham
USPS Notice: Delivery rescheduled. View package status here: http://secure-verify-account.xyz/login,1,Delivery & Package Scam,synthetic_scam
"Capital One: Unauthorized transfer of $1,200 to unknown account. Cancel now: http://tracking-reschedule-post.top",1,Banking / KYC Fraud,synthetic_scam
Can you send me the latest draft for the Backend Refactoring presentation before 3 PM?,0,Legitimate Message,synthetic_ham
"DHL: Your package delivery failed. Confirm address & pay $50,000 fee at http://support-unlock-portal.net",1,Delivery & Package Scam,synthetic_scam
"Hi Daniel, I left the office keys on your desk. Let me know if you need anything else.",0,Legitimate Message,synthetic_ham
Urgent notice from Facebook support: Account will be closed in 12 hours. Tap http://tracking-reschedule-post.top,1,Phishing & Account Security,synthetic_scam
"Alert: Your account has been credited with $5,000.00. To release the pending funds, submit your verification fee of $50 at http://quick-payout.biz",1,Banking / KYC Fraud,curated_scam
IRS Warning: Legal warrant #353581 issued for your arrest. Call +44-20-7946-0912 immediately to settle.,1,Threat & Impersonation Scam,synthetic_scam
"Hey Sarah, are we still on for coffee at 2:00 PM?",0,Legitimate Message,synthetic_ham
Double your BTC deposit in 24 hours. Send 0.5 BTC to receive 1.0 BTC at http://tinyurl.com/fast-payout-2026,1,Crypto & Investment Fraud,synthetic_scam
"Congratulations! You won $1,200 in Mega Cash Giveaway. Claim your prize at http://auth-kyc-desk.online/update",1,Lottery & Prize Scam,synthetic_scam
"Hi Michael, I left the book on your desk. Let me know if you need anything else.",0,Legitimate Message,synthetic_ham
Your monthly electric bill of $128.50 has been paid via automatic debit.,0,Legitimate Message,synthetic_ham
Reminder: Doctor appointment with Dr. Smith on Wednesday at 7:30 PM.,0,Legitimate Message,synthetic_ham
Thanks for dining with Subway! Your receipt for $119.50 has been emailed.,0,Legitimate Message,synthetic_ham
"Police Dept: Case filed against you for unpaid penalty of $10,000. Contact +1-888-555-0199.",1,Threat & Impersonation Scam,synthetic_scam
Urgent notice from Google support: Account will be closed in 12 hours. Tap https://billing-resolution-portal.site,1,Phishing & Account Security,synthetic_scam
Hiring now: Part time remote assistant. Earn $500/day working from home. WhatsApp: +91-9876543210,1,Job & Task Scam,synthetic_scam
"Police Dept: Case filed against you for unpaid penalty of $2,500. Contact +1-888-555-0199.",1,Threat & Impersonation Scam,synthetic_scam
Your order from Apple Store has shipped! Estimated delivery: Monday. Track in app.,0,Legitimate Message,synthetic_ham
Reminder: Doctor appointment with Dr. Williams on Tuesday at 10:00 AM.,0,Legitimate Message,synthetic_ham
"Instagram Security: Password reset requested. If this wasn't you, verify at https://billing-resolution-portal.site",1,Phishing & Account Security,synthetic_scam
"Police Dept: Case filed against you for unpaid penalty of $1,200. Contact +1-888-555-0199.",1,Threat & Impersonation Scam,synthetic_scam
Amazon Alert: Login attempt from Lagos. Secure your account now at http://auth-kyc-desk.online/update,1,Phishing & Account Security,synthetic_scam
Tracking Alert: Package #621116 is on hold at customs. Clear payment: http://auth-kyc-desk.online/update,1,Delivery & Package Scam,synthetic_scam
"Amazon Support: Your order #902-1823901 for MacBook Pro ($2,199.00) is confirmed. If you didn't place this order, call +1-888-293-1102 to cancel immediately.",1,Phishing & Account Security,curated_scam
"Hi David, I left the laptop charger on your desk. Let me know if you need anything else.",0,Legitimate Message,synthetic_ham
Your order from Target has shipped! Estimated delivery: Tuesday. Track in app.,0,Legitimate Message,synthetic_ham
"Police Dept: Case filed against you for unpaid penalty of $10,000. Contact +1-917-555-0182.",1,Threat & Impersonation Scam,synthetic_scam
"You have unclaimed rewards of $10,000. Withdraw to your account at http://secure-verify-account.xyz/login",1,Lottery & Prize Scam,synthetic_scam
Reminder: Doctor appointment with Dr. Brown on Friday at 2:00 PM.,0,Legitimate Message,synthetic_ham
Your order from Apple Store has shipped! Estimated delivery: tomorrow. Track in app.,0,Legitimate Message,synthetic_ham
Can you send me the latest draft for the Q3 Marketing Plan presentation before 3 PM?,0,Legitimate Message,synthetic_ham
Your verification code for Google is 640826. Valid for 5 minutes. Do not share with anyone.,0,Legitimate Message,synthetic_ham
"Hi team, meeting notes from today's Q3 Marketing Plan sync are uploaded to Drive.",0,Legitimate Message,synthetic_ham
IRS Warning: Legal warrant #456558 issued for your arrest. Call +1-888-555-0199 immediately to settle.,1,Threat & Impersonation Scam,synthetic_scam
"Simple online job: Watch videos and earn $2,500 daily. Register here: http://support-unlock-portal.net",1,Job & Task Scam,synthetic_scam
"Hi Emma, I left the meeting notes on your desk. Let me know if you need anything else.",0,Legitimate Message,synthetic_ham
Reminder: Doctor appointment with Dr. Smith on Monday at 2:00 PM.,0,Legitimate Message,synthetic_ham
Instagram Alert: Login attempt from London. Secure your account now at http://secure-verify-account.xyz/login,1,Phishing & Account Security,synthetic_scam
Thanks for dining with Panera Bread! Your receipt for $128.50 has been emailed.,0,Legitimate Message,synthetic_ham
"Hi James, I left the office keys on your desk. Let me know if you need anything else.",0,Legitimate Message,synthetic_ham
Kraken: Pending withdrawal of 1.5 Bitcoin. Confirm or cancel at http://tracking-reschedule-post.top,1,Crypto & Investment Fraud,synthetic_scam
Your order from Apple Store has shipped! Estimated delivery: Thursday. Track in app.,0,Legitimate Message,synthetic_ham
"Police Dept: Case filed against you for unpaid penalty of $1,200. Contact +44-20-7946-0912.",1,Threat & Impersonation Scam,synthetic_scam
UPS Notice: Delivery rescheduled. View package status here: https://billing-resolution-portal.site,1,Delivery & Package Scam,synthetic_scam
Your monthly electric bill of $14.50 has been paid via automatic debit.,0,Legitimate Message,synthetic_ham
"FedEx: Your package delivery failed. Confirm address & pay $50,000 fee at http://support-unlock-portal.net",1,Delivery & Package Scam,synthetic_scam
HDFC Bank Alert: Your netbanking will be suspended in 24 hours. Please update your PAN card details here: http://hdfc-security-update.online,1,Banking / KYC Fraud,curated_scam
Axis Bank Notice: Your savings account is restricted due to non-compliance. Complete biometric verification at http://axis-kyc-desk.site,1,Banking / KYC Fraud,curated_scam
Reminder: Doctor appointment with Dr. Garcia on Wednesday at 7:30 PM.,0,Legitimate Message,synthetic_ham
Police Dept: Case filed against you for unpaid penalty of $1.5. Contact +91-9876543210.,1,Threat & Impersonation Scam,synthetic_scam
Can you send me the latest draft for the Mobile App Redesign presentation before 3 PM?,0,Legitimate Message,synthetic_ham
Simple online job: Watch videos and earn $500 daily. Register here: http://tinyurl.com/fast-payout-2026,1,Job & Task Scam,synthetic_scam
Simple online job: Watch videos and earn $1.5 daily. Register here: http://support-unlock-portal.net,1,Job & Task Scam,synthetic_scam
Your monthly electric bill of $43.50 has been paid via automatic debit.,0,Legitimate Message,synthetic_ham
Your monthly electric bill of $134.50 has been paid via automatic debit.,0,Legitimate Message,synthetic_ham
"Simple online job: Watch videos and earn $10,000 daily. Register here: http://support-unlock-portal.net",1,Job & Task Scam,synthetic_scam
Can you send me the latest draft for the Mobile App Redesign presentation before 3 PM?,0,Legitimate Message,synthetic_ham
FedEx Notification: Tracking #FX-8893921 has a pending customs duty fee of $3.50. Pay online to release package: http://fedex-customs-clearance.top,1,Delivery & Package Scam,curated_scam
Thanks for dining with Chipotle! Your receipt for $120.50 has been emailed.,0,Legitimate Message,synthetic_ham
Double your BTC deposit in 24 hours. Send 0.5 BTC to receive 1.0 BTC at http://secure-verify-account.xyz/login,1,Crypto & Investment Fraud,synthetic_scam
Your verification code for LinkedIn is 893536. Valid for 5 minutes. Do not share with anyone.,0,Legitimate Message,synthetic_ham
Reminder: Doctor appointment with Dr. Smith on Monday at 6:15 PM.,0,Legitimate Message,synthetic_ham
"Congratulations! You won $50,000 in Global Lottery. Claim your prize at http://support-unlock-portal.net",1,Lottery & Prize Scam,synthetic_scam
Canada Post: Your package delivery failed. Confirm address & pay $250 fee at http://tracking-reschedule-post.top,1,Delivery & Package Scam,synthetic_scam
Your monthly electric bill of $138.50 has been paid via automatic debit.,0,Legitimate Message,synthetic_ham
IRS Warning: Legal warrant #109996 issued for your arrest. Call +44-20-7946-0912 immediately to settle.,1,Threat & Impersonation Scam,synthetic_scam
Police Dept: Case filed against you for unpaid penalty of $250. Contact +1-888-555-0199.,1,Threat & Impersonation Scam,synthetic_scam
Your order from Target has shipped! Estimated delivery: Thursday. Track in app.,0,Legitimate Message,synthetic_ham
Your monthly electric bill of $111.50 has been paid via automatic debit.,0,Legitimate Message,synthetic_ham
Double your Solana deposit in 24 hours. Send 0.5 Solana to receive 1.0 Solana at http://tracking-reschedule-post.top,1,Crypto & Investment Fraud,synthetic_scam
Barclays: Unauthorized transfer of $1.5 to unknown account. Cancel now: http://bit.ly/claim-reward-now,1,Banking / KYC Fraud,synthetic_scam
"Join our VIP Telegram trading group! Make $5,000 daily with zero risk. Register now: http://vip-signals-trading.co",1,Crypto & Investment Fraud,curated_scam
Urgent notice from Instagram support: Account will be closed in 12 hours. Tap http://tinyurl.com/fast-payout-2026,1,Phishing & Account Security,synthetic_scam
Reminder: Doctor appointment with Dr. Garcia on Tuesday at 10:00 AM.,0,Legitimate Message,synthetic_ham
Your Chase credit card bill of $214.50 is due on Sept 5. Automatic payment is scheduled from your checking account.,0,Legitimate Message,curated_ham
"Hiring now: Part time remote assistant. Earn $2,500/day working from home. WhatsApp: +91-9876543210",1,Job & Task Scam,synthetic_scam
You have unclaimed rewards of $500. Withdraw to your account at http://auth-kyc-desk.online/update,1,Lottery & Prize Scam,synthetic_scam
"Hey Daniel, are we still on for our study session at 12:30 PM?",0,Legitimate Message,synthetic_ham
"Hey, did you get a chance to review the slides I sent yesterday? We have the client presentation tomorrow morning.",0,Legitimate Message,curated_ham
Your verification code for Google is 470253. Valid for 5 minutes. Do not share with anyone.,0,Legitimate Message,synthetic_ham
UPS Notice: Delivery rescheduled. View package status here: https://billing-resolution-portal.site,1,Delivery & Package Scam,synthetic_scam
Police Dept: Case filed against you for unpaid penalty of $1.5. Contact +91-9876543210.,1,Threat & Impersonation Scam,synthetic_scam
Thanks for dining with Starbucks! Your receipt for $95.50 has been emailed.,0,Legitimate Message,synthetic_ham
Can you send me the latest draft for the Security Audit presentation before 3 PM?,0,Legitimate Message,synthetic_ham
Can you send me the latest draft for the Q3 Marketing Plan presentation before 3 PM?,0,Legitimate Message,synthetic_ham
"KuCoin: Pending withdrawal of 1,200 BTC. Confirm or cancel at http://bit.ly/claim-reward-now",1,Crypto & Investment Fraud,synthetic_scam
"Guaranteed daily profit of $10,000 with AI crypto trader. Sign up free: http://secure-verify-account.xyz/login",1,Crypto & Investment Fraud,synthetic_scam
Your monthly electric bill of $90.50 has been paid via automatic debit.,0,Legitimate Message,synthetic_ham
"Hi Alex, I left the office keys on your desk. Let me know if you need anything else.",0,Legitimate Message,synthetic_ham
UPS: Your package delivery failed. Confirm address & pay $500 fee at https://billing-resolution-portal.site,1,Delivery & Package Scam,synthetic_scam
Your Bank of America account #470026 is restricted. Update KYC at http://support-unlock-portal.net within 24h.,1,Banking / KYC Fraud,synthetic_scam
Your monthly electric bill of $50.50 has been paid via automatic debit.,0,Legitimate Message,synthetic_ham
Can you send me the latest draft for the Mobile App Redesign presentation before 3 PM?,0,Legitimate Message,synthetic_ham
Your verification code for LinkedIn is 928812. Valid for 5 minutes. Do not share with anyone.,0,Legitimate Message,synthetic_ham
Your order from Nike has shipped! Estimated delivery: Thursday. Track in app.,0,Legitimate Message,synthetic_ham
Your Amazon subscription has expired. Update billing details at http://support-unlock-portal.net to keep access.,1,Phishing & Account Security,synthetic_scam
Thanks for dining with Sweetgreen! Your receipt for $131.50 has been emailed.,0,Legitimate Message,synthetic_ham
Lucky Winner! Your phone won a free iPhone 16 Pro. Reply YES to claim or visit http://bit.ly/claim-reward-now,1,Lottery & Prize Scam,synthetic_scam
"Police Dept: Case filed against you for unpaid penalty of $1,200. Contact +91-9876543210.",1,Threat & Impersonation Scam,synthetic_scam
Police Dept: Case filed against you for unpaid penalty of $500. Contact +1-888-555-0199.,1,Threat & Impersonation Scam,synthetic_scam
"Hi team, meeting notes from today's Security Audit sync are uploaded to Drive.",0,Legitimate Message,synthetic_ham
Double your Solana deposit in 24 hours. Send 0.5 Solana to receive 1.0 Solana at http://auth-kyc-desk.online/update,1,Crypto & Investment Fraud,synthetic_scam
"Hey Emma, are we still on for our study session at 2:00 PM?",0,Legitimate Message,synthetic_ham
Your verification code for Slack is 133368. Valid for 5 minutes. Do not share with anyone.,0,Legitimate Message,synthetic_ham
"DHL: Your package delivery failed. Confirm address & pay $1,200 fee at http://support-unlock-portal.net",1,Delivery & Package Scam,synthetic_scam
"Lucky Winner! Your phone won a free $1,000 Walmart Gift Card. Reply YES to claim or visit http://tinyurl.com/fast-payout-2026",1,Lottery & Prize Scam,synthetic_scam
"Hi team, meeting notes from today's Security Audit sync are uploaded to Drive.",0,Legitimate Message,synthetic_ham
"Hi Daniel, I left the laptop charger on your desk. Let me know if you need anything else.",0,Legitimate Message,synthetic_ham
"You have unclaimed rewards of $2,500. Withdraw to your account at http://secure-verify-account.xyz/login",1,Lottery & Prize Scam,synthetic_scam
"Google Security: Password reset requested. If this wasn't you, verify at http://secure-verify-account.xyz/login",1,Phishing & Account Security,synthetic_scam
"Police Dept: Case filed against you for unpaid penalty of $50,000. Contact +91-9876543210.",1,Threat & Impersonation Scam,synthetic_scam
"You have unclaimed rewards of $2,500. Withdraw to your account at http://tracking-reschedule-post.top",1,Lottery & Prize Scam,synthetic_scam
Your order from Best Buy has shipped! Estimated delivery: Friday. Track in app.,0,Legitimate Message,synthetic_ham
Police Dept: Case filed against you for unpaid penalty of $250. Contact +1-888-555-0199.,1,Threat & Impersonation Scam,synthetic_scam
"Hey James, are we still on for coffee at 12:30 PM?",0,Legitimate Message,synthetic_ham
Simple online job: Watch videos and earn $500 daily. Register here: http://support-unlock-portal.net,1,Job & Task Scam,synthetic_scam
Hiring now: Part time remote assistant. Earn $1.5/day working from home. WhatsApp: +1-888-555-0199,1,Job & Task Scam,synthetic_scam
Lucky Winner! Your phone won a free Tesla Model 3. Reply YES to claim or visit http://bit.ly/claim-reward-now,1,Lottery & Prize Scam,synthetic_scam
Lucky Winner! Your phone won a free Tesla Model 3. Reply YES to claim or visit https://billing-resolution-portal.site,1,Lottery & Prize Scam,synthetic_scam
Thanks for dining with Subway! Your receipt for $54.50 has been emailed.,0,Legitimate Message,synthetic_ham
"Hiring now: Part time remote assistant. Earn $1,200/day working from home. WhatsApp: +1-888-555-0199",1,Job & Task Scam,synthetic_scam
Urgent notice from Dropbox support: Account will be closed in 12 hours. Tap http://secure-verify-account.xyz/login,1,Phishing & Account Security,synthetic_scam
Can you send me the latest draft for the Q3 Marketing Plan presentation before 3 PM?,0,Legitimate Message,synthetic_ham
"Hey, running about 10 minutes late due to traffic! See you shortly.",0,Legitimate Message,synthetic_ham
Thanks for dining with Sweetgreen! Your receipt for $136.50 has been emailed.,0,Legitimate Message,synthetic_ham
"Hi team, meeting notes from today's Security Audit sync are uploaded to Drive.",0,Legitimate Message,synthetic_ham
"Hi team, meeting notes from today's Q3 Marketing Plan sync are uploaded to Drive.",0,Legitimate Message,synthetic_ham
Tracking Alert: Package #736341 is on hold at customs. Clear payment: https://billing-resolution-portal.site,1,Delivery & Package Scam,synthetic_scam
Your order from Apple Store has shipped! Estimated delivery: Wednesday. Track in app.,0,Legitimate Message,synthetic_ham
ICICI: Unauthorized transfer of $1.5 to unknown account. Cancel now: http://tinyurl.com/fast-payout-2026,1,Banking / KYC Fraud,synthetic_scam
"Hi team, meeting notes from today's Backend Refactoring sync are uploaded to Drive.",0,Legitimate Message,synthetic_ham
Simple online job: Watch videos and earn $250 daily. Register here: http://auth-kyc-desk.online/update,1,Job & Task Scam,synthetic_scam
"Kraken: Pending withdrawal of 2,500 USDT. Confirm or cancel at http://tinyurl.com/fast-payout-2026",1,Crypto & Investment Fraud,synthetic_scam
Your Capital One account #791565 is restricted. Update KYC at http://auth-kyc-desk.online/update within 24h.,1,Banking / KYC Fraud,synthetic_scam
Hiring now: Part time remote assistant. Earn $1.5/day working from home. WhatsApp: +1-917-555-0182,1,Job & Task Scam,synthetic_scam
Security Notice: Wells Fargo detected suspicious activity. Confirm your login at http://auth-kyc-desk.online/update,1,Banking / KYC Fraud,synthetic_scam
Your order from Apple Store has shipped! Estimated delivery: Tuesday. Track in app.,0,Legitimate Message,synthetic_ham
"Hey, running about 10 minutes late due to traffic! See you shortly.",0,Legitimate Message,synthetic_ham
Police Dept: Case filed against you for unpaid penalty of $1.5. Contact +1-800-555-0144.,1,Threat & Impersonation Scam,synthetic_scam
"Guaranteed daily profit of $50,000 with AI crypto trader. Sign up free: http://tracking-reschedule-post.top",1,Crypto & Investment Fraud,synthetic_scam
Your order from Best Buy has shipped! Estimated delivery: Friday. Track in app.,0,Legitimate Message,synthetic_ham
"Hi Daniel, I left the project report on your desk. Let me know if you need anything else.",0,Legitimate Message,synthetic_ham
"Bank of America: Unauthorized transfer of $10,000 to unknown account. Cancel now: http://auth-kyc-desk.online/update",1,Banking / KYC Fraud,synthetic_scam
"Hey, running about 10 minutes late due to traffic! See you shortly.",0,Legitimate Message,synthetic_ham
Thanks for dining with Chipotle! Your receipt for $113.50 has been emailed.,0,Legitimate Message,synthetic_ham
"Apple Security: Password reset requested. If this wasn't you, verify at https://billing-resolution-portal.site",1,Phishing & Account Security,synthetic_scam
Tracking Alert: Package #195049 is on hold at customs. Clear payment: http://secure-verify-account.xyz/login,1,Delivery & Package Scam,synthetic_scam
KuCoin: Pending withdrawal of 250 BTC. Confirm or cancel at http://support-unlock-portal.net,1,Crypto & Investment Fraud,synthetic_scam
Your order from Target has shipped! Estimated delivery: Thursday. Track in app.,0,Legitimate Message,synthetic_ham
Thanks for dining with Chipotle! Your receipt for $99.50 has been emailed.,0,Legitimate Message,synthetic_ham
Police Dept: Case filed against you for unpaid penalty of $500. Contact +1-800-555-0144.,1,Threat & Impersonation Scam,synthetic_scam
Double your Solana deposit in 24 hours. Send 0.5 Solana to receive 1.0 Solana at http://tinyurl.com/fast-payout-2026,1,Crypto & Investment Fraud,synthetic_scam
Your order from Apple Store has shipped! Estimated delivery: Wednesday. Track in app.,0,Legitimate Message,synthetic_ham
IRS Warning: Legal warrant #303815 issued for your arrest. Call +1-800-555-0144 immediately to settle.,1,Threat & Impersonation Scam,synthetic_scam
"Hi team, meeting notes from today's Q3 Marketing Plan sync are uploaded to Drive.",0,Legitimate Message,synthetic_ham
Double your USDT deposit in 24 hours. Send 0.5 USDT to receive 1.0 USDT at http://secure-verify-account.xyz/login,1,Crypto & Investment Fraud,synthetic_scam
Your order from Best Buy has shipped! Estimated delivery: Monday. Track in app.,0,Legitimate Message,synthetic_ham
KuCoin: Pending withdrawal of 1.5 ETH. Confirm or cancel at http://support-unlock-portal.net,1,Crypto & Investment Fraud,synthetic_scam
"Police Dept: Case filed against you for unpaid penalty of $10,000. Contact +44-20-7946-0912.",1,Threat & Impersonation Scam,synthetic_scam
"Kraken: Pending withdrawal of 1,200 BTC. Confirm or cancel at http://secure-verify-account.xyz/login",1,Crypto & Investment Fraud,synthetic_scam
Your monthly electric bill of $69.50 has been paid via automatic debit.,0,Legitimate Message,synthetic_ham
IRS Warning: Legal warrant #714023 issued for your arrest. Call +1-917-555-0182 immediately to settle.,1,Threat & Impersonation Scam,synthetic_scam
Hiring now: Part time remote assistant. Earn $250/day working from home. WhatsApp: +91-9876543210,1,Job & Task Scam,synthetic_scam
"You have unclaimed rewards of $10,000. Withdraw to your account at http://bit.ly/claim-reward-now",1,Lottery & Prize Scam,synthetic_scam
"Police Dept: Case filed against you for unpaid penalty of $10,000. Contact +1-917-555-0182.",1,Threat & Impersonation Scam,synthetic_scam
Your verification code for Google is 467212. Valid for 5 minutes. Do not share with anyone.,0,Legitimate Message,synthetic_ham
Your verification code for Discord is 665924. Valid for 5 minutes. Do not share with anyone.,0,Legitimate Message,synthetic_ham
"Hey, running about 10 minutes late due to traffic! See you shortly.",0,Legitimate Message,synthetic_ham
Thanks for dining with Sweetgreen! Your receipt for $102.50 has been emailed.,0,Legitimate Message,synthetic_ham
"Apple Security: Password reset requested. If this wasn't you, verify at http://support-unlock-portal.net",1,Phishing & Account Security,synthetic_scam
Your monthly electric bill of $111.50 has been paid via automatic debit.,0,Legitimate Message,synthetic_ham
Guaranteed daily profit of $250 with AI crypto trader. Sign up free: https://billing-resolution-portal.site,1,Crypto & Investment Fraud,synthetic_scam
"Hi Michael, I left the project report on your desk. Let me know if you need anything else.",0,Legitimate Message,synthetic_ham
KuCoin: Pending withdrawal of 500 BTC. Confirm or cancel at http://auth-kyc-desk.online/update,1,Crypto & Investment Fraud,synthetic_scam
IRS Warning: Legal warrant #652390 issued for your arrest. Call +1-800-555-0144 immediately to settle.,1,Threat & Impersonation Scam,synthetic_scam
Your order from Sephora has shipped! Estimated delivery: Friday. Track in app.,0,Legitimate Message,synthetic_ham
Your verification code for GitHub is 585746. Valid for 5 minutes. Do not share with anyone.,0,Legitimate Message,synthetic_ham
Hiring now: Part time remote assistant. Earn $500/day working from home. WhatsApp: +91-9876543210,1,Job & Task Scam,synthetic_scam
Your monthly electric bill of $50.50 has been paid via automatic debit.,0,Legitimate Message,synthetic_ham
Your order from Amazon has shipped! Estimated delivery: Wednesday. Track in app.,0,Legitimate Message,synthetic_ham
"Guaranteed daily profit of $10,000 with AI crypto trader. Sign up free: http://tinyurl.com/fast-payout-2026",1,Crypto & Investment Fraud,synthetic_scam
Can you send me the latest draft for the Backend Refactoring presentation before 3 PM?,0,Legitimate Message,synthetic_ham
"Instagram Security: Password reset requested. If this wasn't you, verify at http://support-unlock-portal.net",1,Phishing & Account Security,synthetic_scam
Double your ETH deposit in 24 hours. Send 0.5 ETH to receive 1.0 ETH at http://tracking-reschedule-post.top,1,Crypto & Investment Fraud,synthetic_scam
"Hi Emma, I left the meeting notes on your desk. Let me know if you need anything else.",0,Legitimate Message,synthetic_ham
Congratulations! Your resume was shortlisted for Data Entry Specialist ($45/hr). Buy your starter training software package for $99 at http://remote-career-portal.com to begin.,1,Job & Task Scam,curated_scam
Thanks for dining with Chipotle! Your receipt for $27.50 has been emailed.,0,Legitimate Message,synthetic_ham
Urgent notice from Dropbox support: Account will be closed in 12 hours. Tap http://auth-kyc-desk.online/update,1,Phishing & Account Security,synthetic_scam
Double your USDT deposit in 24 hours. Send 0.5 USDT to receive 1.0 USDT at http://bit.ly/claim-reward-now,1,Crypto & Investment Fraud,synthetic_scam
Your monthly electric bill of $164.50 has been paid via automatic debit.,0,Legitimate Message,synthetic_ham
Your verification code for Netflix is 682891. Valid for 5 minutes. Do not share with anyone.,0,Legitimate Message,synthetic_ham
"Hey, running about 10 minutes late due to traffic! See you shortly.",0,Legitimate Message,synthetic_ham
"Canada Post: Your package delivery failed. Confirm address & pay $2,500 fee at http://support-unlock-portal.net",1,Delivery & Package Scam,synthetic_scam
"Hiring now: Part time remote assistant. Earn $1,200/day working from home. WhatsApp: +1-888-555-0199",1,Job & Task Scam,synthetic_scam
Netflix Alert: Login attempt from Bucharest. Secure your account now at http://support-unlock-portal.net,1,Phishing & Account Security,synthetic_scam
IRS Warning: Legal warrant #773170 issued for your arrest. Call +91-9876543210 immediately to settle.,1,Threat & Impersonation Scam,synthetic_scam
Your Wells Fargo account #531779 is restricted. Update KYC at http://support-unlock-portal.net within 24h.,1,Banking / KYC Fraud,synthetic_scam
Your order from Amazon has shipped! Estimated delivery: Thursday. Track in app.,0,Legitimate Message,synthetic_ham
Canada Post Notice: Delivery rescheduled. View package status here: http://auth-kyc-desk.online/update,1,Delivery & Package Scam,synthetic_scam
Your order from Target has shipped! Estimated delivery: tomorrow. Track in app.,0,Legitimate Message,synthetic_ham
"Hi Jessica, I left the book on your desk. Let me know if you need anything else.",0,Legitimate Message,synthetic_ham
HDFC: Unauthorized transfer of $1.5 to unknown account. Cancel now: http://bit.ly/claim-reward-now,1,Banking / KYC Fraud,synthetic_scam
Your order from Best Buy has shipped! Estimated delivery: tomorrow. Track in app.,0,Legitimate Message,synthetic_ham
Can you send me the latest draft for the Mobile App Redesign presentation before 3 PM?,0,Legitimate Message,synthetic_ham
Your monthly electric bill of $146.50 has been paid via automatic debit.,0,Legitimate Message,synthetic_ham
"Hiring now: Part time remote assistant. Earn $50,000/day working from home. WhatsApp: +1-800-555-0144",1,Job & Task Scam,synthetic_scam
"Hi team, meeting notes from today's Backend Refactoring sync are uploaded to Drive.",0,Legitimate Message,synthetic_ham
Your order from Sephora has shipped! Estimated delivery: Monday. Track in app.,0,Legitimate Message,synthetic_ham
Urgent notice from Microsoft support: Account will be closed in 12 hours. Tap https://billing-resolution-portal.site,1,Phishing & Account Security,synthetic_scam
"Guaranteed daily profit of $2,500 with AI crypto trader. Sign up free: http://auth-kyc-desk.online/update",1,Crypto & Investment Fraud,synthetic_scam
"Hey Emma, are we still on for lunch at 6:15 PM?",0,Legitimate Message,synthetic_ham
"You have unclaimed rewards of $10,000. Withdraw to your account at http://support-unlock-portal.net",1,Lottery & Prize Scam,synthetic_scam
Hiring now: Part time remote assistant. Earn $500/day working from home. WhatsApp: +1-800-555-0144,1,Job & Task Scam,synthetic_scam
IRS Warning: Legal warrant #148757 issued for your arrest. Call +91-9876543210 immediately to settle.,1,Threat & Impersonation Scam,synthetic_scam
"Hi team, meeting notes from today's Security Audit sync are uploaded to Drive.",0,Legitimate Message,synthetic_ham
Congratulations! You won $250 in Global Lottery. Claim your prize at http://secure-verify-account.xyz/login,1,Lottery & Prize Scam,synthetic_scam
Binance: Pending withdrawal of 1.5 ETH. Confirm or cancel at http://auth-kyc-desk.online/update,1,Crypto & Investment Fraud,synthetic_scam
Reminder: Doctor appointment with Dr. Johnson on Wednesday at 10:00 AM.,0,Legitimate Message,synthetic_ham
"Simple online job: Watch videos and earn $2,500 daily. Register here: https://billing-resolution-portal.site",1,Job & Task Scam,synthetic_scam
Your verification code for Google is 540186. Valid for 5 minutes. Do not share with anyone.,0,Legitimate Message,synthetic_ham
Apple ID Alert: Your iCloud account is scheduled for deletion due to suspected fraud. Tap https://appleid-security-recovery.link to cancel deletion.,1,Phishing & Account Security,curated_scam
Guaranteed daily profit of $1.5 with AI crypto trader. Sign up free: http://support-unlock-portal.net,1,Crypto & Investment Fraud,synthetic_scam
Your monthly electric bill of $87.50 has been paid via automatic debit.,0,Legitimate Message,synthetic_ham
Security Notice: Chase detected suspicious activity. Confirm your login at http://secure-verify-account.xyz/login,1,Banking / KYC Fraud,synthetic_scam
"Hi Alex, I left the laptop charger on your desk. Let me know if you need anything else.",0,Legitimate Message,synthetic_ham
"Hey Emily, are we still on for gym workout at 10:00 AM?",0,Legitimate Message,synthetic_ham
"Police Dept: Case filed against you for unpaid penalty of $10,000. Contact +44-20-7946-0912.",1,Threat & Impersonation Scam,synthetic_scam
Tracking Alert: Package #563665 is on hold at customs. Clear payment: http://secure-verify-account.xyz/login,1,Delivery & Package Scam,synthetic_scam
"Hey David, are we still on for lunch at 6:15 PM?",0,Legitimate Message,synthetic_ham
Your Dropbox subscription has expired. Update billing details at http://bit.ly/claim-reward-now to keep access.,1,Phishing & Account Security,synthetic_scam
"Police Dept: Case filed against you for unpaid penalty of $50,000. Contact +1-917-555-0182.",1,Threat & Impersonation Scam,synthetic_scam
Your verification code for Netflix is 859153. Valid for 5 minutes. Do not share with anyone.,0,Legitimate Message,synthetic_ham
You have unclaimed rewards of $500. Withdraw to your account at http://secure-verify-account.xyz/login,1,Lottery & Prize Scam,synthetic_scam
"Hiring now: Part time remote assistant. Earn $10,000/day working from home. WhatsApp: +91-9876543210",1,Job & Task Scam,synthetic_scam
"Hi team, meeting notes from today's Security Audit sync are uploaded to Drive.",0,Legitimate Message,synthetic_ham
"Hi Michael, I left the meeting notes on your desk. Let me know if you need anything else.",0,Legitimate Message,synthetic_ham
Thanks for dining with Starbucks! Your receipt for $58.50 has been emailed.,0,Legitimate Message,synthetic_ham
"Hi Daniel, I left the book on your desk. Let me know if you need anything else.",0,Legitimate Message,synthetic_ham
ICICI Bank: We noticed unusual login attempts from Russia. Click here to confirm your credentials: http://icici-protect.xyz,1,Banking / KYC Fraud,curated_scam
Can you send me the latest draft for the Security Audit presentation before 3 PM?,0,Legitimate Message,synthetic_ham
Thanks for dining with Sweetgreen! Your receipt for $107.50 has been emailed.,0,Legitimate Message,synthetic_ham
"Royal Mail: Your package delivery failed. Confirm address & pay $50,000 fee at http://tinyurl.com/fast-payout-2026",1,Delivery & Package Scam,synthetic_scam
"You have unclaimed rewards of $1,200. Withdraw to your account at http://auth-kyc-desk.online/update",1,Lottery & Prize Scam,synthetic_scam
Your verification code for Slack is 270430. Valid for 5 minutes. Do not share with anyone.,0,Legitimate Message,synthetic_ham
Your verification code for GitHub is 613409. Valid for 5 minutes. Do not share with anyone.,0,Legitimate Message,synthetic_ham
IRS Warning: Legal warrant #637600 issued for your arrest. Call +1-800-555-0144 immediately to settle.,1,Threat & Impersonation Scam,synthetic_scam
Your monthly electric bill of $64.50 has been paid via automatic debit.,0,Legitimate Message,synthetic_ham
Reminder: Doctor appointment with Dr. Johnson on Friday at 7:30 PM.,0,Legitimate Message,synthetic_ham
Your monthly electric bill of $15.50 has been paid via automatic debit.,0,Legitimate Message,synthetic_ham
"Hey, running about 10 minutes late due to traffic! See you shortly.",0,Legitimate Message,synthetic_ham
Your verification code for LinkedIn is 861715. Valid for 5 minutes. Do not share with anyone.,0,Legitimate Message,synthetic_ham
Police Dept: Case filed against you for unpaid penalty of $1.5. Contact +1-800-555-0144.,1,Threat & Impersonation Scam,synthetic_scam
Your monthly electric bill of $94.50 has been paid via automatic debit.,0,Legitimate Message,synthetic_ham
Can you send me the latest draft for the Q3 Marketing Plan presentation before 3 PM?,0,Legitimate Message,synthetic_ham
Thanks for dining with Chipotle! Your receipt for $146.50 has been emailed.,0,Legitimate Message,synthetic_ham
"Hey, running about 10 minutes late due to traffic! See you shortly.",0,Legitimate Message,synthetic_ham
Urgent: ICICI card blocked. Call +44-20-7946-0912 or visit https://billing-resolution-portal.site with your CVV to unblock.,1,Banking / KYC Fraud,synthetic_scam
Double your BTC deposit in 24 hours. Send 0.5 BTC to receive 1.0 BTC at http://tracking-reschedule-post.top,1,Crypto & Investment Fraud,synthetic_scam
Hiring now: Part time remote assistant. Earn $500/day working from home. WhatsApp: +44-20-7946-0912,1,Job & Task Scam,synthetic_scam
Urgent: HDFC card blocked. Call +1-800-555-0144 or visit http://secure-verify-account.xyz/login with your CVV to unblock.,1,Banking / KYC Fraud,synthetic_scam
Your verification code for Slack is 693245. Valid for 5 minutes. Do not share with anyone.,0,Legitimate Message,synthetic_ham
Hiring now: Part time remote assistant. Earn $250/day working from home. WhatsApp: +91-9876543210,1,Job & Task Scam,synthetic_scam
PayPal Alert: Login attempt from Lagos. Secure your account now at http://secure-verify-account.xyz/login,1,Phishing & Account Security,synthetic_scam
Police Dept: Case filed against you for unpaid penalty of $500. Contact +91-9876543210.,1,Threat & Impersonation Scam,synthetic_scam
"Dear customer, your PAN card is not linked to Wells Fargo. Update immediately: http://support-unlock-portal.net",1,Banking / KYC Fraud,synthetic_scam
Your verification code for Google is 576629. Valid for 5 minutes. Do not share with anyone.,0,Legitimate Message,synthetic_ham
"Hi Sarah, I left the book on your desk. Let me know if you need anything else.",0,Legitimate Message,synthetic_ham
Lucky Winner! Your phone won a free PlayStation 5. Reply YES to claim or visit http://bit.ly/claim-reward-now,1,Lottery & Prize Scam,synthetic_scam
"Hey David, are we still on for gym workout at 10:00 AM?",0,Legitimate Message,synthetic_ham
Your Chase account #711209 is restricted. Update KYC at https://billing-resolution-portal.site within 24h.,1,Banking / KYC Fraud,synthetic_scam
"Hi team, meeting notes from today's Mobile App Redesign sync are uploaded to Drive.",0,Legitimate Message,synthetic_ham
"Hiring now: Part time remote assistant. Earn $1,200/day working from home. WhatsApp: +91-9876543210",1,Job & Task Scam,synthetic_scam
"Hi team, meeting notes from today's Q3 Marketing Plan sync are uploaded to Drive.",0,Legitimate Message,synthetic_ham
"Simple online job: Watch videos and earn $50,000 daily. Register here: http://tracking-reschedule-post.top",1,Job & Task Scam,synthetic_scam
Reminder: Doctor appointment with Dr. Patel on tomorrow at 2:00 PM.,0,Legitimate Message,synthetic_ham
Security Notice: ICICI detected suspicious activity. Confirm your login at http://tinyurl.com/fast-payout-2026,1,Banking / KYC Fraud,synthetic_scam
Police Dept: Case filed against you for unpaid penalty of $1.5. Contact +1-888-555-0199.,1,Threat & Impersonation Scam,synthetic_scam
"Dear customer, your SBI bank account has been blocked due to incomplete KYC. Update KYC immediately at http://sbi-kyc-verify.xyz/login to avoid permanent deactivation.",1,Banking / KYC Fraud,curated_scam
"Amazon Security: Password reset requested. If this wasn't you, verify at http://bit.ly/claim-reward-now",1,Phishing & Account Security,synthetic_scam
Thanks for dining with Subway! Your receipt for $78.50 has been emailed.,0,Legitimate Message,synthetic_ham
"Hiring now: Part time remote assistant. Earn $10,000/day working from home. WhatsApp: +44-20-7946-0912",1,Job & Task Scam,synthetic_scam
"Hi James, I left the book on your desk. Let me know if you need anything else.",0,Legitimate Message,synthetic_ham
"Hi Emily, I left the project report on your desk. Let me know if you need anything else.",0,Legitimate Message,synthetic_ham
"Hey David, are we still on for coffee at 12:30 PM?",0,Legitimate Message,synthetic_ham
"You have unclaimed rewards of $50,000. Withdraw to your account at http://auth-kyc-desk.online/update",1,Lottery & Prize Scam,synthetic_scam
"Simple online job: Watch videos and earn $50,000 daily. Register here: http://tinyurl.com/fast-payout-2026",1,Job & Task Scam,synthetic_scam
IRS Warning: Legal warrant #540916 issued for your arrest. Call +1-800-555-0144 immediately to settle.,1,Threat & Impersonation Scam,synthetic_scam
Your verification code for Discord is 408125. Valid for 5 minutes. Do not share with anyone.,0,Legitimate Message,synthetic_ham
Lucky Winner! Your phone won a free Rolex Watch. Reply YES to claim or visit http://tracking-reschedule-post.top,1,Lottery & Prize Scam,synthetic_scam
"Coinbase: Pending withdrawal of 50,000 USDT. Confirm or cancel at http://support-unlock-portal.net",1,Crypto & Investment Fraud,synthetic_scam
Thanks for dining with Sweetgreen! Your receipt for $18.50 has been emailed.,0,Legitimate Message,synthetic_ham
"Lucky Winner! Your phone won a free $1,000 Walmart Gift Card. Reply YES to claim or visit http://auth-kyc-desk.online/update",1,Lottery & Prize Scam,synthetic_scam
Your monthly electric bill of $61.50 has been paid via automatic debit.,0,Legitimate Message,synthetic_ham
Urgent notice from PayPal support: Account will be closed in 12 hours. Tap http://auth-kyc-desk.online/update,1,Phishing & Account Security,synthetic_scam
"Police Dept: Case filed against you for unpaid penalty of $10,000. Contact +91-9876543210.",1,Threat & Impersonation Scam,synthetic_scam
Hiring now: Part time remote assistant. Earn $500/day working from home. WhatsApp: +91-9876543210,1,Job & Task Scam,synthetic_scam
Double your ETH deposit in 24 hours. Send 0.5 ETH to receive 1.0 ETH at http://secure-verify-account.xyz/login,1,Crypto & Investment Fraud,synthetic_scam
"Guaranteed daily profit of $10,000 with AI crypto trader. Sign up free: https://billing-resolution-portal.site",1,Crypto & Investment Fraud,synthetic_scam
Can you send me the latest draft for the Mobile App Redesign presentation before 3 PM?,0,Legitimate Message,synthetic_ham
Microsoft Alert: Login attempt from São Paulo. Secure your account now at http://tinyurl.com/fast-payout-2026,1,Phishing & Account Security,synthetic_scam
Thanks for dining with Sweetgreen! Your receipt for $62.50 has been emailed.,0,Legitimate Message,synthetic_ham
Thanks for dining with Panera Bread! Your receipt for $155.50 has been emailed.,0,Legitimate Message,synthetic_ham
Security Notice: Citibank detected suspicious activity. Confirm your login at http://tinyurl.com/fast-payout-2026,1,Banking / KYC Fraud,synthetic_scam
Your verification code for Apple ID is 209592. Valid for 5 minutes. Do not share with anyone.,0,Legitimate Message,synthetic_ham
Thanks for dining with Starbucks! Your receipt for $101.50 has been emailed.,0,Legitimate Message,synthetic_ham
"You have unclaimed rewards of $10,000. Withdraw to your account at http://auth-kyc-desk.online/update",1,Lottery & Prize Scam,synthetic_scam
Your order from Apple Store has shipped! Estimated delivery: Monday. Track in app.,0,Legitimate Message,synthetic_ham
Urgent notice from Google support: Account will be closed in 12 hours. Tap http://bit.ly/claim-reward-now,1,Phishing & Account Security,synthetic_scam
Tracking Alert: Package #317462 is on hold at customs. Clear payment: http://auth-kyc-desk.online/update,1,Delivery & Package Scam,synthetic_scam
"Simple online job: Watch videos and earn $50,000 daily. Register here: https://billing-resolution-portal.site",1,Job & Task Scam,synthetic_scam
DHL Express: We attempted delivery of your package twice. Schedule a new delivery time: http://dhl-parcel-reschedule.site or package will be returned to sender.,1,Delivery & Package Scam,curated_scam
IRS Warning: Legal warrant #712271 issued for your arrest. Call +44-20-7946-0912 immediately to settle.,1,Threat & Impersonation Scam,synthetic_scam
Your Apple subscription has expired. Update billing details at http://tracking-reschedule-post.top to keep access.,1,Phishing & Account Security,synthetic_scam
Thanks for dining with Panera Bread! Your receipt for $130.50 has been emailed.,0,Legitimate Message,synthetic_ham
"Hey, running about 10 minutes late due to traffic! See you shortly.",0,Legitimate Message,synthetic_ham
"Simple online job: Watch videos and earn $50,000 daily. Register here: http://tracking-reschedule-post.top",1,Job & Task Scam,synthetic_scam
Your order from Sephora has shipped! Estimated delivery: tomorrow. Track in app.,0,Legitimate Message,synthetic_ham
"USPS: Your package delivery failed. Confirm address & pay $50,000 fee at https://billing-resolution-portal.site",1,Delivery & Package Scam,synthetic_scam
Urgent: Wells Fargo card blocked. Call +1-800-555-0144 or visit http://support-unlock-portal.net with your CVV to unblock.,1,Banking / KYC Fraud,synthetic_scam
Simple online job: Watch videos and earn $250 daily. Register here: http://secure-verify-account.xyz/login,1,Job & Task Scam,synthetic_scam
Thanks for dining with Starbucks! Your receipt for $80.50 has been emailed.,0,Legitimate Message,synthetic_ham
"Hey Emma, are we still on for the movie at 10:00 AM?",0,Legitimate Message,synthetic_ham
Simple online job: Watch videos and earn $500 daily. Register here: http://bit.ly/claim-reward-now,1,Job & Task Scam,synthetic_scam
Your Citibank account #587124 is restricted. Update KYC at http://auth-kyc-desk.online/update within 24h.,1,Banking / KYC Fraud,synthetic_scam
Thanks for dining with Starbucks! Your receipt for $44.50 has been emailed.,0,Legitimate Message,synthetic_ham
Guaranteed daily profit of $250 with AI crypto trader. Sign up free: http://tracking-reschedule-post.top,1,Crypto & Investment Fraud,synthetic_scam
Lucky Winner! Your phone won a free iPhone 16 Pro. Reply YES to claim or visit http://auth-kyc-desk.online/update,1,Lottery & Prize Scam,synthetic_scam
"Lucky Winner! Your phone won a free $1,000 Walmart Gift Card. Reply YES to claim or visit http://tinyurl.com/fast-payout-2026",1,Lottery & Prize Scam,synthetic_scam
Your Wells Fargo account #920634 is restricted. Update KYC at http://auth-kyc-desk.online/update within 24h.,1,Banking / KYC Fraud,synthetic_scam
"Royal Mail: Your package delivery failed. Confirm address & pay $10,000 fee at http://support-unlock-portal.net",1,Delivery & Package Scam,synthetic_scam
Double your Solana deposit in 24 hours. Send 0.5 Solana to receive 1.0 Solana at http://auth-kyc-desk.online/update,1,Crypto & Investment Fraud,synthetic_scam
"Hi Michael, I left the meeting notes on your desk. Let me know if you need anything else.",0,Legitimate Message,synthetic_ham
Reminder: Doctor appointment with Dr. Johnson on Friday at 2:00 PM.,0,Legitimate Message,synthetic_ham
"Hey, running about 10 minutes late due to traffic! See you shortly.",0,Legitimate Message,synthetic_ham
"Coinbase: Pending withdrawal of 50,000 BTC. Confirm or cancel at https://billing-resolution-portal.site",1,Crypto & Investment Fraud,synthetic_scam
Your one-time security passcode is 492019 for your Google verification. Do not share this code with anyone.,0,Legitimate Message,curated_ham
Your order from Best Buy has shipped! Estimated delivery: Thursday. Track in app.,0,Legitimate Message,synthetic_ham
UPS Notice: Delivery rescheduled. View package status here: http://secure-verify-account.xyz/login,1,Delivery & Package Scam,synthetic_scam
Can you send me the latest draft for the Backend Refactoring presentation before 3 PM?,0,Legitimate Message,synthetic_ham
FedEx Notice: Delivery rescheduled. View package status here: http://tracking-reschedule-post.top,1,Delivery & Package Scam,synthetic_scam
Your monthly electric bill of $109.50 has been paid via automatic debit.,0,Legitimate Message,synthetic_ham
Can you send me the latest draft for the Backend Refactoring presentation before 3 PM?,0,Legitimate Message,synthetic_ham
Your verification code for Slack is 744679. Valid for 5 minutes. Do not share with anyone.,0,Legitimate Message,synthetic_ham
Simple online job: Watch videos and earn $250 daily. Register here: http://bit.ly/claim-reward-now,1,Job & Task Scam,synthetic_scam
Kraken: Pending withdrawal of 250 Bitcoin. Confirm or cancel at http://tracking-reschedule-post.top,1,Crypto & Investment Fraud,synthetic_scam
Exclusive opportunity to buy Pre-Sale Token with guaranteed 100x return. Limited tokens remaining: https://crypto-pump-presale.network,1,Crypto & Investment Fraud,curated_scam
Your monthly electric bill of $54.50 has been paid via automatic debit.,0,Legitimate Message,synthetic_ham
"Hi team, meeting notes from today's Backend Refactoring sync are uploaded to Drive.",0,Legitimate Message,synthetic_ham
Reminder: Doctor appointment with Dr. Smith on Thursday at 7:30 PM.,0,Legitimate Message,synthetic_ham
"Hi team, meeting notes from today's Security Audit sync are uploaded to Drive.",0,Legitimate Message,synthetic_ham
"Simple online job: Watch videos and earn $1,200 daily. Register here: http://auth-kyc-desk.online/update",1,Job & Task Scam,synthetic_scam
Your monthly electric bill of $89.50 has been paid via automatic debit.,0,Legitimate Message,synthetic_ham
Can you send me the latest draft for the Backend Refactoring presentation before 3 PM?,0,Legitimate Message,synthetic_ham
Police Dept: Case filed against you for unpaid penalty of $500. Contact +1-888-555-0199.,1,Threat & Impersonation Scam,synthetic_scam
Reminder: Doctor appointment with Dr. Garcia on tomorrow at 12:30 PM.,0,Legitimate Message,synthetic_ham
"Dear customer, your PAN card is not linked to Wells Fargo. Update immediately: http://tracking-reschedule-post.top",1,Banking / KYC Fraud,synthetic_scam
Congratulations! You won $500 in Global Lottery. Claim your prize at http://tracking-reschedule-post.top,1,Lottery & Prize Scam,synthetic_scam
"Hey, running about 10 minutes late due to traffic! See you shortly.",0,Legitimate Message,synthetic_ham
"UPS: Your package delivery failed. Confirm address & pay $50,000 fee at https://billing-resolution-portal.site",1,Delivery & Package Scam,synthetic_scam
Double your BTC deposit in 24 hours. Send 0.5 BTC to receive 1.0 BTC at http://tracking-reschedule-post.top,1,Crypto & Investment Fraud,synthetic_scam
"Binance: Pending withdrawal of 2,500 USDT. Confirm or cancel at https://billing-resolution-portal.site",1,Crypto & Investment Fraud,synthetic_scam
"Hi David, I left the laptop charger on your desk. Let me know if you need anything else.",0,Legitimate Message,synthetic_ham
Tracking Alert: Package #726807 is on hold at customs. Clear payment: http://support-unlock-portal.net,1,Delivery & Package Scam,synthetic_scam
"Exclusive offer! You won a $1,000 Walmart Gift Card! Click http://bit.ly/walmart-free-gift-card to fill out a short survey and claim today.",1,Lottery & Prize Scam,curated_scam
"Hey, running about 10 minutes late due to traffic! See you shortly.",0,Legitimate Message,synthetic_ham
Thanks for dining with Chipotle! Your receipt for $100.50 has been emailed.,0,Legitimate Message,synthetic_ham
"Hi Daniel, I left the meeting notes on your desk. Let me know if you need anything else.",0,Legitimate Message,synthetic_ham
Your monthly electric bill of $131.50 has been paid via automatic debit.,0,Legitimate Message,synthetic_ham
Double your USDT deposit in 24 hours. Send 0.5 USDT to receive 1.0 USDT at http://secure-verify-account.xyz/login,1,Crypto & Investment Fraud,synthetic_scam
"Dear customer, your PAN card is not linked to SBI. Update immediately: http://secure-verify-account.xyz/login",1,Banking / KYC Fraud,synthetic_scam
Your Instagram subscription has expired. Update billing details at http://bit.ly/claim-reward-now to keep access.,1,Phishing & Account Security,synthetic_scam
"Hey, running about 10 minutes late due to traffic! See you shortly.",0,Legitimate Message,synthetic_ham
Double your Bitcoin deposit in 24 hours. Send 0.5 Bitcoin to receive 1.0 Bitcoin at http://bit.ly/claim-reward-now,1,Crypto & Investment Fraud,synthetic_scam
Your monthly electric bill of $99.50 has been paid via automatic debit.,0,Legitimate Message,synthetic_ham
Reminder: Doctor appointment with Dr. Smith on Tuesday at 12:30 PM.,0,Legitimate Message,synthetic_ham
Urgent notice from Google support: Account will be closed in 12 hours. Tap http://support-unlock-portal.net,1,Phishing & Account Security,synthetic_scam
"Hey, running about 10 minutes late due to traffic! See you shortly.",0,Legitimate Message,synthetic_ham
Your order from Apple Store has shipped! Estimated delivery: Tuesday. Track in app.,0,Legitimate Message,synthetic_ham
Your monthly electric bill of $82.50 has been paid via automatic debit.,0,Legitimate Message,synthetic_ham
"Hi team, meeting notes from today's Mobile App Redesign sync are uploaded to Drive.",0,Legitimate Message,synthetic_ham
Can you send me the latest draft for the Mobile App Redesign presentation before 3 PM?,0,Legitimate Message,synthetic_ham
"Hi Emily, I left the laptop charger on your desk. Let me know if you need anything else.",0,Legitimate Message,synthetic_ham
Double your BTC deposit in 24 hours. Send 0.5 BTC to receive 1.0 BTC at http://support-unlock-portal.net,1,Crypto & Investment Fraud,synthetic_scam
"Hi team, meeting notes from today's Backend Refactoring sync are uploaded to Drive.",0,Legitimate Message,synthetic_ham
"Hey, running about 10 minutes late due to traffic! See you shortly.",0,Legitimate Message,synthetic_ham
"Hey, running about 10 minutes late due to traffic! See you shortly.",0,Legitimate Message,synthetic_ham
Thanks for dining with Panera Bread! Your receipt for $168.50 has been emailed.,0,Legitimate Message,synthetic_ham
Tracking Alert: Package #418603 is on hold at customs. Clear payment: http://secure-verify-account.xyz/login,1,Delivery & Package Scam,synthetic_scam
Congratulations! You won $1.5 in Tech Promo Draw. Claim your prize at https://billing-resolution-portal.site,1,Lottery & Prize Scam,synthetic_scam
Your monthly electric bill of $108.50 has been paid via automatic debit.,0,Legitimate Message,synthetic_ham
Can you send me the latest draft for the Security Audit presentation before 3 PM?,0,Legitimate Message,synthetic_ham
Thanks for dining with Chipotle! Your receipt for $51.50 has been emailed.,0,Legitimate Message,synthetic_ham
Double your BTC deposit in 24 hours. Send 0.5 BTC to receive 1.0 BTC at http://support-unlock-portal.net,1,Crypto & Investment Fraud,synthetic_scam
Double your Solana deposit in 24 hours. Send 0.5 Solana to receive 1.0 Solana at http://tinyurl.com/fast-payout-2026,1,Crypto & Investment Fraud,synthetic_scam
Amazon Alert: Login attempt from London. Secure your account now at http://support-unlock-portal.net,1,Phishing & Account Security,synthetic_scam
"You have unclaimed rewards of $10,000. Withdraw to your account at http://tinyurl.com/fast-payout-2026",1,Lottery & Prize Scam,synthetic_scam
Your order from Apple Store has shipped! Estimated delivery: Thursday. Track in app.,0,Legitimate Message,synthetic_ham
"Hey James, are we still on for the movie at 2:00 PM?",0,Legitimate Message,synthetic_ham
"Coinbase: Pending withdrawal of 1,200 Solana. Confirm or cancel at https://billing-resolution-portal.site",1,Crypto & Investment Fraud,synthetic_scam
Reminder: Doctor appointment with Dr. Brown on Thursday at 7:30 PM.,0,Legitimate Message,synthetic_ham
Royal Mail Notice: Delivery rescheduled. View package status here: http://bit.ly/claim-reward-now,1,Delivery & Package Scam,synthetic_scam
"Congratulations! You won $2,500 in Annual Customer Reward. Claim your prize at http://bit.ly/claim-reward-now",1,Lottery & Prize Scam,synthetic_scam
Police Dept: Case filed against you for unpaid penalty of $250. Contact +44-20-7946-0912.,1,Threat & Impersonation Scam,synthetic_scam
"You have unclaimed rewards of $50,000. Withdraw to your account at http://support-unlock-portal.net",1,Lottery & Prize Scam,synthetic_scam
Binance: Pending withdrawal of 1.5 ETH. Confirm or cancel at https://billing-resolution-portal.site,1,Crypto & Investment Fraud,synthetic_scam
Security Notice: Barclays detected suspicious activity. Confirm your login at http://tracking-reschedule-post.top,1,Banking / KYC Fraud,synthetic_scam
Reminder: Doctor appointment with Dr. Smith on Tuesday at 10:00 AM.,0,Legitimate Message,synthetic_ham
Your verification code for Netflix is 486726. Valid for 5 minutes. Do not share with anyone.,0,Legitimate Message,synthetic_ham
"Hi team, meeting notes from today's Mobile App Redesign sync are uploaded to Drive.",0,Legitimate Message,synthetic_ham
UPS: Your package delivery failed. Confirm address & pay $250 fee at http://tracking-reschedule-post.top,1,Delivery & Package Scam,synthetic_scam
"Hey Sarah, are we still on for our study session at 6:15 PM?",0,Legitimate Message,synthetic_ham
Your order from Nike has shipped! Estimated delivery: Thursday. Track in app.,0,Legitimate Message,synthetic_ham
Reminder: Doctor appointment with Dr. Patel on Friday at 10:00 AM.,0,Legitimate Message,synthetic_ham
PayPal Notice: Your account has been limited due to policy violation. Resolve the issue immediately: https://paypal-account-resolve.org,1,Phishing & Account Security,curated_scam
Congratulations! You won $250 in Annual Customer Reward. Claim your prize at https://billing-resolution-portal.site,1,Lottery & Prize Scam,synthetic_scam
Your monthly electric bill of $178.50 has been paid via automatic debit.,0,Legitimate Message,synthetic_ham
"Hiring now: Part time remote assistant. Earn $2,500/day working from home. WhatsApp: +1-888-555-0199",1,Job & Task Scam,synthetic_scam
"Hi Mom, I just finished my class and heading to the library. Will be home by 6 PM.",0,Legitimate Message,curated_ham
Police Dept: Case filed against you for unpaid penalty of $250. Contact +44-20-7946-0912.,1,Threat & Impersonation Scam,synthetic_scam
IRS Warning: Legal warrant #566375 issued for your arrest. Call +1-800-555-0144 immediately to settle.,1,Threat & Impersonation Scam,synthetic_scam
IRS Warning: Legal warrant #181460 issued for your arrest. Call +44-20-7946-0912 immediately to settle.,1,Threat & Impersonation Scam,synthetic_scam
DHL Notice: Delivery rescheduled. View package status here: http://secure-verify-account.xyz/login,1,Delivery & Package Scam,synthetic_scam
"Hi James, I left the meeting notes on your desk. Let me know if you need anything else.",0,Legitimate Message,synthetic_ham
Dropbox Alert: Login attempt from Moscow. Secure your account now at http://auth-kyc-desk.online/update,1,Phishing & Account Security,synthetic_scam
"Hi Sarah, I left the book on your desk. Let me know if you need anything else.",0,Legitimate Message,synthetic_ham
Your Microsoft subscription has expired. Update billing details at http://support-unlock-portal.net to keep access.,1,Phishing & Account Security,synthetic_scam
"Hi Alex, I left the book on your desk. Let me know if you need anything else.",0,Legitimate Message,synthetic_ham
Your monthly electric bill of $73.50 has been paid via automatic debit.,0,Legitimate Message,synthetic_ham
Your order from Target has shipped! Estimated delivery: Thursday. Track in app.,0,Legitimate Message,synthetic_ham
Can you send me the latest draft for the Backend Refactoring presentation before 3 PM?,0,Legitimate Message,synthetic_ham
Your verification code for Discord is 603766. Valid for 5 minutes. Do not share with anyone.,0,Legitimate Message,synthetic_ham
Lucky Winner! Your phone won a free Rolex Watch. Reply YES to claim or visit http://secure-verify-account.xyz/login,1,Lottery & Prize Scam,synthetic_scam
Reminder: Doctor appointment with Dr. Johnson on tomorrow at 6:15 PM.,0,Legitimate Message,synthetic_ham
Urgent notice from Instagram support: Account will be closed in 12 hours. Tap http://tinyurl.com/fast-payout-2026,1,Phishing & Account Security,synthetic_scam
Your order from Sephora has shipped! Estimated delivery: Tuesday. Track in app.,0,Legitimate Message,synthetic_ham
Lucky Winner! Your phone won a free PlayStation 5. Reply YES to claim or visit http://bit.ly/claim-reward-now,1,Lottery & Prize Scam,synthetic_scam
Thanks for dining with Subway! Your receipt for $53.50 has been emailed.,0,Legitimate Message,synthetic_ham
WhatsApp Security: Your registration code is requested on another device. Confirm your identity here: http://whatsapp-verify-now.site,1,Phishing & Account Security,curated_scam
"Hi David, I left the laptop charger on your desk. Let me know if you need anything else.",0,Legitimate Message,synthetic_ham
Double your Bitcoin deposit in 24 hours. Send 0.5 Bitcoin to receive 1.0 Bitcoin at http://secure-verify-account.xyz/login,1,Crypto & Investment Fraud,synthetic_scam
Reminder: Doctor appointment with Dr. Smith on Wednesday at 12:30 PM.,0,Legitimate Message,synthetic_ham
"SBI: Unauthorized transfer of $10,000 to unknown account. Cancel now: http://tracking-reschedule-post.top",1,Banking / KYC Fraud,synthetic_scam
"Hey, running about 10 minutes late due to traffic! See you shortly.",0,Legitimate Message,synthetic_ham
Your monthly electric bill of $166.50 has been paid via automatic debit.,0,Legitimate Message,synthetic_ham
Can you send me the latest draft for the Security Audit presentation before 3 PM?,0,Legitimate Message,synthetic_ham
Urgent notice from Apple support: Account will be closed in 12 hours. Tap https://billing-resolution-portal.site,1,Phishing & Account Security,synthetic_scam
Urgent: Capital One card blocked. Call +1-888-555-0199 or visit http://support-unlock-portal.net with your CVV to unblock.,1,Banking / KYC Fraud,synthetic_scam
Your verification code for Apple ID is 451510. Valid for 5 minutes. Do not share with anyone.,0,Legitimate Message,synthetic_ham
USPS: Your package delivery failed. Confirm address & pay $1.5 fee at https://billing-resolution-portal.site,1,Delivery & Package Scam,synthetic_scam
"Hi team, meeting notes from today's Mobile App Redesign sync are uploaded to Drive.",0,Legitimate Message,synthetic_ham
Your Microsoft subscription has expired. Update billing details at http://tinyurl.com/fast-payout-2026 to keep access.,1,Phishing & Account Security,synthetic_scam
"Hey, running about 10 minutes late due to traffic! See you shortly.",0,Legitimate Message,synthetic_ham
"Guaranteed 25% daily ROI with automated AI crypto trading bot. Deposit $200 in USDT and withdraw $1,500 by tomorrow: http://crypto-yield-ai.io",1,Crypto & Investment Fraud,curated_scam
Simple online job: Watch videos and earn $250 daily. Register here: http://auth-kyc-desk.online/update,1,Job & Task Scam,synthetic_scam
Reminder: Doctor appointment with Dr. Garcia on Monday at 7:30 PM.,0,Legitimate Message,synthetic_ham
Your verification code for LinkedIn is 615103. Valid for 5 minutes. Do not share with anyone.,0,Legitimate Message,synthetic_ham
"Hi Michael, I left the meeting notes on your desk. Let me know if you need anything else.",0,Legitimate Message,synthetic_ham
"Kraken: Pending withdrawal of 1,200 Bitcoin. Confirm or cancel at http://bit.ly/claim-reward-now",1,Crypto & Investment Fraud,synthetic_scam
"Hey, running about 10 minutes late due to traffic! See you shortly.",0,Legitimate Message,synthetic_ham
Tracking Alert: Package #162566 is on hold at customs. Clear payment: https://billing-resolution-portal.site,1,Delivery & Package Scam,synthetic_scam
Congratulations! You won $1.5 in Annual Customer Reward. Claim your prize at http://auth-kyc-desk.online/update,1,Lottery & Prize Scam,synthetic_scam
Can you send me the latest draft for the Backend Refactoring presentation before 3 PM?,0,Legitimate Message,synthetic_ham
Hiring now: Part time remote assistant. Earn $500/day working from home. WhatsApp: +1-917-555-0182,1,Job & Task Scam,synthetic_scam
"Netflix Security: Password reset requested. If this wasn't you, verify at http://auth-kyc-desk.online/update",1,Phishing & Account Security,synthetic_scam
Can you send me the latest draft for the Mobile App Redesign presentation before 3 PM?,0,Legitimate Message,synthetic_ham
"Hi Michael, I left the book on your desk. Let me know if you need anything else.",0,Legitimate Message,synthetic_ham
"USPS: Your package delivery failed. Confirm address & pay $10,000 fee at http://tinyurl.com/fast-payout-2026",1,Delivery & Package Scam,synthetic_scam
"Hi team, meeting notes from today's Mobile App Redesign sync are uploaded to Drive.",0,Legitimate Message,synthetic_ham
You have unclaimed rewards of $250. Withdraw to your account at http://tinyurl.com/fast-payout-2026,1,Lottery & Prize Scam,synthetic_scam
Your verification code for Slack is 949029. Valid for 5 minutes. Do not share with anyone.,0,Legitimate Message,synthetic_ham
"Amazon Security: Password reset requested. If this wasn't you, verify at http://bit.ly/claim-reward-now",1,Phishing & Account Security,synthetic_scam
"Hey, running about 10 minutes late due to traffic! See you shortly.",0,Legitimate Message,synthetic_ham
Kraken: Pending withdrawal of 1.5 ETH. Confirm or cancel at http://secure-verify-account.xyz/login,1,Crypto & Investment Fraud,synthetic_scam
Security Notice: ICICI detected suspicious activity. Confirm your login at https://billing-resolution-portal.site,1,Banking / KYC Fraud,synthetic_scam
Your monthly electric bill of $27.50 has been paid via automatic debit.,0,Legitimate Message,synthetic_ham
Urgent notice from PayPal support: Account will be closed in 12 hours. Tap http://tinyurl.com/fast-payout-2026,1,Phishing & Account Security,synthetic_scam
Your Barclays account #198678 is restricted. Update KYC at http://tinyurl.com/fast-payout-2026 within 24h.,1,Banking / KYC Fraud,synthetic_scam
Your monthly electric bill of $79.50 has been paid via automatic debit.,0,Legitimate Message,synthetic_ham
"Hi Emily, I left the meeting notes on your desk. Let me know if you need anything else.",0,Legitimate Message,synthetic_ham
"Kraken: Pending withdrawal of 1,200 USDT. Confirm or cancel at http://secure-verify-account.xyz/login",1,Crypto & Investment Fraud,synthetic_scam
Urgent notice from Microsoft support: Account will be closed in 12 hours. Tap http://secure-verify-account.xyz/login,1,Phishing & Account Security,synthetic_scam
"Hey, running about 10 minutes late due to traffic! See you shortly.",0,Legitimate Message,synthetic_ham
Security Notice: ICICI detected suspicious activity. Confirm your login at https://billing-resolution-portal.site,1,Banking / KYC Fraud,synthetic_scam
Lucky Winner! Your phone won a free PlayStation 5. Reply YES to claim or visit http://support-unlock-portal.net,1,Lottery & Prize Scam,synthetic_scam
Urgent: Citibank card blocked. Call +1-888-555-0199 or visit http://tinyurl.com/fast-payout-2026 with your CVV to unblock.,1,Banking / KYC Fraud,synthetic_scam
You have unclaimed rewards of $1.5. Withdraw to your account at http://support-unlock-portal.net,1,Lottery & Prize Scam,synthetic_scam
Can you send me the latest draft for the Q3 Marketing Plan presentation before 3 PM?,0,Legitimate Message,synthetic_ham
"Simple online job: Watch videos and earn $2,500 daily. Register here: http://secure-verify-account.xyz/login",1,Job & Task Scam,synthetic_scam
"Police Dept: Case filed against you for unpaid penalty of $50,000. Contact +1-917-555-0182.",1,Threat & Impersonation Scam,synthetic_scam
"Hiring now: Part time remote assistant. Earn $10,000/day working from home. WhatsApp: +1-800-555-0144",1,Job & Task Scam,synthetic_scam
Reminder: Doctor appointment with Dr. Garcia on tomorrow at 12:30 PM.,0,Legitimate Message,synthetic_ham
"Hey, running about 10 minutes late due to traffic! See you shortly.",0,Legitimate Message,synthetic_ham
Can you send me the latest draft for the Q3 Marketing Plan presentation before 3 PM?,0,Legitimate Message,synthetic_ham
Tracking Alert: Package #113463 is on hold at customs. Clear payment: http://tinyurl.com/fast-payout-2026,1,Delivery & Package Scam,synthetic_scam
"Congratulations! You won $1,200 in Global Lottery. Claim your prize at http://bit.ly/claim-reward-now",1,Lottery & Prize Scam,synthetic_scam
"Hey Alex, are we still on for our study session at 2:00 PM?",0,Legitimate Message,synthetic_ham
Can you send me the latest draft for the Mobile App Redesign presentation before 3 PM?,0,Legitimate Message,synthetic_ham
"Hi Sarah, I left the laptop charger on your desk. Let me know if you need anything else.",0,Legitimate Message,synthetic_ham
"KuCoin: Pending withdrawal of 50,000 USDT. Confirm or cancel at http://bit.ly/claim-reward-now",1,Crypto & Investment Fraud,synthetic_scam
"Hi team, meeting notes from today's Q3 Marketing Plan sync are uploaded to Drive.",0,Legitimate Message,synthetic_ham
Can you send me the latest draft for the Mobile App Redesign presentation before 3 PM?,0,Legitimate Message,synthetic_ham
"Police Dept: Case filed against you for unpaid penalty of $50,000. Contact +1-800-555-0144.",1,Threat & Impersonation Scam,synthetic_scam
Security Notice: ICICI detected suspicious activity. Confirm your login at http://support-unlock-portal.net,1,Banking / KYC Fraud,synthetic_scam
"Hi team, meeting notes from today's Security Audit sync are uploaded to Drive.",0,Legitimate Message,synthetic_ham
"Hi team, meeting notes from today's Mobile App Redesign sync are uploaded to Drive.",0,Legitimate Message,synthetic_ham
Great work on the demo today everyone! The client was really impressed with our progress.,0,Legitimate Message,curated_ham
Lucky Winner! Your phone won a free Tesla Model 3. Reply YES to claim or visit http://auth-kyc-desk.online/update,1,Lottery & Prize Scam,synthetic_scam
"Hi team, meeting notes from today's Backend Refactoring sync are uploaded to Drive.",0,Legitimate Message,synthetic_ham
"Hi team, meeting notes from today's Q3 Marketing Plan sync are uploaded to Drive.",0,Legitimate Message,synthetic_ham
IRS Warning: Legal warrant #441169 issued for your arrest. Call +1-888-555-0199 immediately to settle.,1,Threat & Impersonation Scam,synthetic_scam
Coinbase: Pending withdrawal of 1.5 ETH. Confirm or cancel at https://billing-resolution-portal.site,1,Crypto & Investment Fraud,synthetic_scam
"Hi team, meeting notes from today's Q3 Marketing Plan sync are uploaded to Drive.",0,Legitimate Message,synthetic_ham
Your order from Target has shipped! Estimated delivery: tomorrow. Track in app.,0,Legitimate Message,synthetic_ham
Google Alert: Login attempt from Lagos. Secure your account now at http://tracking-reschedule-post.top,1,Phishing & Account Security,synthetic_scam
Police Dept: Case filed against you for unpaid penalty of $250. Contact +1-888-555-0199.,1,Threat & Impersonation Scam,synthetic_scam
Simple online job: Watch videos and earn $1.5 daily. Register here: http://tinyurl.com/fast-payout-2026,1,Job & Task Scam,synthetic_scam
"Hiring now: Part time remote assistant. Earn $50,000/day working from home. WhatsApp: +1-800-555-0144",1,Job & Task Scam,synthetic_scam
IRS Warning: Legal warrant #880997 issued for your arrest. Call +1-888-555-0199 immediately to settle.,1,Threat & Impersonation Scam,synthetic_scam
"Hey, running about 10 minutes late due to traffic! See you shortly.",0,Legitimate Message,synthetic_ham
"Hi team, meeting notes from today's Mobile App Redesign sync are uploaded to Drive.",0,Legitimate Message,synthetic_ham
Can you send me the latest draft for the Security Audit presentation before 3 PM?,0,Legitimate Message,synthetic_ham
"Your appointment with Dr. Sarah Jenkins is confirmed for Thursday, Aug 21 at 3:15 PM. Reply C to confirm or R to reschedule.",0,Legitimate Message,curated_ham
Congratulations! You won $500 in Tech Promo Draw. Claim your prize at http://auth-kyc-desk.online/update,1,Lottery & Prize Scam,synthetic_scam
"Hi Jessica, I left the meeting notes on your desk. Let me know if you need anything else.",0,Legitimate Message,synthetic_ham
Can you send me the latest draft for the Security Audit presentation before 3 PM?,0,Legitimate Message,synthetic_ham
"Hi team, meeting notes from today's Mobile App Redesign sync are uploaded to Drive.",0,Legitimate Message,synthetic_ham
"Guaranteed daily profit of $50,000 with AI crypto trader. Sign up free: https://billing-resolution-portal.site",1,Crypto & Investment Fraud,synthetic_scam
Tracking Alert: Package #827404 is on hold at customs. Clear payment: http://auth-kyc-desk.online/update,1,Delivery & Package Scam,synthetic_scam
"Dear User, your Bank of America debit card is temporarily locked. Click http://boa-unlock-card.info to enter your PIN and CVV to restore access.",1,Banking / KYC Fraud,curated_scam
"Netflix Security: Password reset requested. If this wasn't you, verify at http://tracking-reschedule-post.top",1,Phishing & Account Security,synthetic_scam
Tracking Alert: Package #490555 is on hold at customs. Clear payment: http://support-unlock-portal.net,1,Delivery & Package Scam,synthetic_scam
Happy Birthday Alex! Wishing you a fantastic year ahead filled with joy and success!,0,Legitimate Message,curated_ham
Tracking Alert: Package #410095 is on hold at customs. Clear payment: http://support-unlock-portal.net,1,Delivery & Package Scam,synthetic_scam
"Hi James, I left the office keys on your desk. Let me know if you need anything else.",0,Legitimate Message,synthetic_ham
Hiring now: Part time remote assistant. Earn $1.5/day working from home. WhatsApp: +91-9876543210,1,Job & Task Scam,synthetic_scam
Your monthly electric bill of $125.50 has been paid via automatic debit.,0,Legitimate Message,synthetic_ham
Your order from Best Buy has shipped! Estimated delivery: Friday. Track in app.,0,Legitimate Message,synthetic_ham
Can you send me the latest draft for the Security Audit presentation before 3 PM?,0,Legitimate Message,synthetic_ham
"Hi team, meeting notes from today's Mobile App Redesign sync are uploaded to Drive.",0,Legitimate Message,synthetic_ham
Thanks for dining with Subway! Your receipt for $175.50 has been emailed.,0,Legitimate Message,synthetic_ham
Tracking Alert: Package #434531 is on hold at customs. Clear payment: http://support-unlock-portal.net,1,Delivery & Package Scam,synthetic_scam
Guaranteed daily profit of $1.5 with AI crypto trader. Sign up free: http://tracking-reschedule-post.top,1,Crypto & Investment Fraud,synthetic_scam
"Hi team, meeting notes from today's Backend Refactoring sync are uploaded to Drive.",0,Legitimate Message,synthetic_ham
Your Citibank account #144988 is restricted. Update KYC at http://support-unlock-portal.net within 24h.,1,Banking / KYC Fraud,synthetic_scam
Your Wells Fargo account #250970 is restricted. Update KYC at http://secure-verify-account.xyz/login within 24h.,1,Banking / KYC Fraud,synthetic_scam
"Simple online job: Watch videos and earn $2,500 daily. Register here: https://billing-resolution-portal.site",1,Job & Task Scam,synthetic_scam
Your order from Sephora has shipped! Estimated delivery: Wednesday. Track in app.,0,Legitimate Message,synthetic_ham
"Simple online job: Watch videos and earn $10,000 daily. Register here: http://support-unlock-portal.net",1,Job & Task Scam,synthetic_scam
Your monthly electric bill of $98.50 has been paid via automatic debit.,0,Legitimate Message,synthetic_ham
Your monthly electric bill of $67.50 has been paid via automatic debit.,0,Legitimate Message,synthetic_ham
"Your Netflix verification code is 839120. Valid for 10 minutes. If you did not request this, ignore this email.",0,Legitimate Message,curated_ham
Can you send me the latest draft for the Backend Refactoring presentation before 3 PM?,0,Legitimate Message,synthetic_ham
"Hi Alex, I left the book on your desk. Let me know if you need anything else.",0,Legitimate Message,synthetic_ham
"Hi team, meeting notes from today's Mobile App Redesign sync are uploaded to Drive.",0,Legitimate Message,synthetic_ham
"Hi Jessica, I left the laptop charger on your desk. Let me know if you need anything else.",0,Legitimate Message,synthetic_ham
Double your BTC deposit in 24 hours. Send 0.5 BTC to receive 1.0 BTC at http://tracking-reschedule-post.top,1,Crypto & Investment Fraud,synthetic_scam
Reminder: Doctor appointment with Dr. Garcia on Monday at 6:15 PM.,0,Legitimate Message,synthetic_ham
"Dear customer, your PAN card is not linked to Citibank. Update immediately: https://billing-resolution-portal.site",1,Banking / KYC Fraud,synthetic_scam
Tracking Alert: Package #603411 is on hold at customs. Clear payment: http://tinyurl.com/fast-payout-2026,1,Delivery & Package Scam,synthetic_scam
"Hi team, meeting notes from today's Security Audit sync are uploaded to Drive.",0,Legitimate Message,synthetic_ham
Double your USDT deposit in 24 hours. Send 0.5 USDT to receive 1.0 USDT at http://secure-verify-account.xyz/login,1,Crypto & Investment Fraud,synthetic_scam
Tracking Alert: Package #826954 is on hold at customs. Clear payment: http://secure-verify-account.xyz/login,1,Delivery & Package Scam,synthetic_scam
Your verification code for GitHub is 796165. Valid for 5 minutes. Do not share with anyone.,0,Legitimate Message,synthetic_ham
Reminder: Doctor appointment with Dr. Smith on Thursday at 2:00 PM.,0,Legitimate Message,synthetic_ham
"Hiring now: Part time remote assistant. Earn $2,500/day working from home. WhatsApp: +44-20-7946-0912",1,Job & Task Scam,synthetic_scam
"Dear Winner, your email won £750,000 in British National Sweepstakes. Reply with your passport copy and fee of £150 to process transfer.",1,Lottery & Prize Scam,curated_scam
Your monthly electric bill of $127.50 has been paid via automatic debit.,0,Legitimate Message,synthetic_ham
URGENT: This is Officer Miller from the Federal Tax Police. An arrest warrant has been issued in your name for tax fraud. Call +1-800-555-0188 immediately to avoid arrest.,1,Threat & Impersonation Scam,curated_scam
Reminder: Doctor appointment with Dr. Williams on Thursday at 12:30 PM.,0,Legitimate Message,synthetic_ham
Your verification code for LinkedIn is 722578. Valid for 5 minutes. Do not share with anyone.,0,Legitimate Message,synthetic_ham
"KuCoin: Pending withdrawal of 10,000 Bitcoin. Confirm or cancel at http://bit.ly/claim-reward-now",1,Crypto & Investment Fraud,synthetic_scam
"Hi Daniel, I left the project report on your desk. Let me know if you need anything else.",0,Legitimate Message,synthetic_ham
"Hey, running about 10 minutes late due to traffic! See you shortly.",0,Legitimate Message,synthetic_ham
"Lucky Winner! Your phone won a free $1,000 Walmart Gift Card. Reply YES to claim or visit http://auth-kyc-desk.online/update",1,Lottery & Prize Scam,synthetic_scam
"Hi David, I left the meeting notes on your desk. Let me know if you need anything else.",0,Legitimate Message,synthetic_ham
Your verification code for Slack is 231447. Valid for 5 minutes. Do not share with anyone.,0,Legitimate Message,synthetic_ham
Your verification code for Slack is 151791. Valid for 5 minutes. Do not share with anyone.,0,Legitimate Message,synthetic_ham
Guaranteed daily profit of $500 with AI crypto trader. Sign up free: http://secure-verify-account.xyz/login,1,Crypto & Investment Fraud,synthetic_scam
Your monthly electric bill of $125.50 has been paid via automatic debit.,0,Legitimate Message,synthetic_ham
Reminder: Doctor appointment with Dr. Williams on Wednesday at 6:15 PM.,0,Legitimate Message,synthetic_ham
Your verification code for LinkedIn is 484776. Valid for 5 minutes. Do not share with anyone.,0,Legitimate Message,synthetic_ham
"Cyber Threat Alert: I have installed spyware on your device and recorded you via webcam. Pay $1,000 in Bitcoin to wallet 1A1zP1eP5QGefi2DMPTfTL5SLmv7DivfNa within 48 hours or video goes to all contacts.",1,Threat & Impersonation Scam,curated_scam
Canada Post Notice: Delivery rescheduled. View package status here: http://tracking-reschedule-post.top,1,Delivery & Package Scam,synthetic_scam
"You have unclaimed rewards of $10,000. Withdraw to your account at http://tracking-reschedule-post.top",1,Lottery & Prize Scam,synthetic_scam
Your monthly electric bill of $145.50 has been paid via automatic debit.,0,Legitimate Message,synthetic_ham
"Hi Michael, I left the project report on your desk. Let me know if you need anything else.",0,Legitimate Message,synthetic_ham
Can you send me the latest draft for the Security Audit presentation before 3 PM?,0,Legitimate Message,synthetic_ham
Your verification code for LinkedIn is 248403. Valid for 5 minutes. Do not share with anyone.,0,Legitimate Message,synthetic_ham
Can you send me the latest draft for the Q3 Marketing Plan presentation before 3 PM?,0,Legitimate Message,synthetic_ham
Thanks for dining with Subway! Your receipt for $162.50 has been emailed.,0,Legitimate Message,synthetic_ham
Binance: Pending withdrawal of 500 USDT. Confirm or cancel at http://auth-kyc-desk.online/update,1,Crypto & Investment Fraud,synthetic_scam
Canada Post Notice: Delivery rescheduled. View package status here: http://tinyurl.com/fast-payout-2026,1,Delivery & Package Scam,synthetic_scam
Tracking Alert: Package #573526 is on hold at customs. Clear payment: http://tinyurl.com/fast-payout-2026,1,Delivery & Package Scam,synthetic_scam
Your monthly electric bill of $144.50 has been paid via automatic debit.,0,Legitimate Message,synthetic_ham
Your monthly electric bill of $128.50 has been paid via automatic debit.,0,Legitimate Message,synthetic_ham
"Hey, running about 10 minutes late due to traffic! See you shortly.",0,Legitimate Message,synthetic_ham
Congratulations! You won $250 in Mega Cash Giveaway. Claim your prize at https://billing-resolution-portal.site,1,Lottery & Prize Scam,synthetic_scam
"Hiring now: Part time remote assistant. Earn $2,500/day working from home. WhatsApp: +44-20-7946-0912",1,Job & Task Scam,synthetic_scam
"Hi team, meeting notes from today's Backend Refactoring sync are uploaded to Drive.",0,Legitimate Message,synthetic_ham
"Hi Jessica, I left the project report on your desk. Let me know if you need anything else.",0,Legitimate Message,synthetic_ham
"Hey Daniel, are we still on for coffee at 12:30 PM?",0,Legitimate Message,synthetic_ham
Your monthly electric bill of $103.50 has been paid via automatic debit.,0,Legitimate Message,synthetic_ham
"Hiring now: Part time remote assistant. Earn $50,000/day working from home. WhatsApp: +1-917-555-0182",1,Job & Task Scam,synthetic_scam
Reminder: Doctor appointment with Dr. Brown on Friday at 7:30 PM.,0,Legitimate Message,synthetic_ham
Your order from Best Buy has shipped! Estimated delivery: Monday. Track in app.,0,Legitimate Message,synthetic_ham
"Hey Emma, are we still on for our study session at 10:00 AM?",0,Legitimate Message,synthetic_ham
"You have been selected as the 1st prize winner of a brand new BMW X5 or $50,000 cash! Claim your voucher at http://lucky-draw-winner.biz/claim",1,Lottery & Prize Scam,curated_scam
Urgent: Bank of America card blocked. Call +1-888-555-0199 or visit http://secure-verify-account.xyz/login with your CVV to unblock.,1,Banking / KYC Fraud,synthetic_scam
Security Notice: Wells Fargo detected suspicious activity. Confirm your login at http://tinyurl.com/fast-payout-2026,1,Banking / KYC Fraud,synthetic_scam
PayPal Alert: Login attempt from Beijing. Secure your account now at http://bit.ly/claim-reward-now,1,Phishing & Account Security,synthetic_scam
"Hi team, meeting notes from today's Security Audit sync are uploaded to Drive.",0,Legitimate Message,synthetic_ham
"Hey Emily, are we still on for lunch at 6:15 PM?",0,Legitimate Message,synthetic_ham
Reminder: Doctor appointment with Dr. Brown on Monday at 10:00 AM.,0,Legitimate Message,synthetic_ham
DHL Notice: Delivery rescheduled. View package status here: http://secure-verify-account.xyz/login,1,Delivery & Package Scam,synthetic_scam
Congratulations! You won $500 in Mega Cash Giveaway. Claim your prize at http://tinyurl.com/fast-payout-2026,1,Lottery & Prize Scam,synthetic_scam
Your verification code for Netflix is 671326. Valid for 5 minutes. Do not share with anyone.,0,Legitimate Message,synthetic_ham
"Hey David, are we still on for gym workout at 10:00 AM?",0,Legitimate Message,synthetic_ham
"Hiring now: Part time remote assistant. Earn $10,000/day working from home. WhatsApp: +1-917-555-0182",1,Job & Task Scam,synthetic_scam
Guaranteed daily profit of $500 with AI crypto trader. Sign up free: http://support-unlock-portal.net,1,Crypto & Investment Fraud,synthetic_scam
Your Citibank account #250889 is restricted. Update KYC at http://support-unlock-portal.net within 24h.,1,Banking / KYC Fraud,synthetic_scam
"Congratulations! You won $10,000 in Mega Cash Giveaway. Claim your prize at http://secure-verify-account.xyz/login",1,Lottery & Prize Scam,synthetic_scam
"Congratulations! You won $2,500 in Global Lottery. Claim your prize at http://secure-verify-account.xyz/login",1,Lottery & Prize Scam,synthetic_scam
"Hey, running about 10 minutes late due to traffic! See you shortly.",0,Legitimate Message,synthetic_ham
"IRS Final Warning: Legal lawsuit filed against you. You owe $3,450 in back taxes. Pay immediately via Apple Gift Card or local sheriff will arrive at your residence.",1,Threat & Impersonation Scam,curated_scam
"Hi Sarah, I left the meeting notes on your desk. Let me know if you need anything else.",0,Legitimate Message,synthetic_ham
Can you send me the latest draft for the Backend Refactoring presentation before 3 PM?,0,Legitimate Message,synthetic_ham
Your monthly electric bill of $156.50 has been paid via automatic debit.,0,Legitimate Message,synthetic_ham
"You have unclaimed rewards of $50,000. Withdraw to your account at http://tinyurl.com/fast-payout-2026",1,Lottery & Prize Scam,synthetic_scam
You have unclaimed rewards of $1.5. Withdraw to your account at http://tracking-reschedule-post.top,1,Lottery & Prize Scam,synthetic_scam
"Hi David, attached is the revised Q3 financial report for your review. Let me know if you need any adjustments.",0,Legitimate Message,curated_ham
"Coinbase: Pending withdrawal of 2,500 Bitcoin. Confirm or cancel at https://billing-resolution-portal.site",1,Crypto & Investment Fraud,synthetic_scam
Urgent: HDFC card blocked. Call +44-20-7946-0912 or visit https://billing-resolution-portal.site with your CVV to unblock.,1,Banking / KYC Fraud,synthetic_scam
Your verification code for Google is 383915. Valid for 5 minutes. Do not share with anyone.,0,Legitimate Message,synthetic_ham
"Guaranteed daily profit of $50,000 with AI crypto trader. Sign up free: http://auth-kyc-desk.online/update",1,Crypto & Investment Fraud,synthetic_scam
"CONGRATULATIONS! Your mobile number won $1,500,000 in the 2026 International Mega Millions Lottery. To claim your prize, send your full name and bank info to claim@megawin-lottery.org",1,Lottery & Prize Scam,curated_scam
Tracking Alert: Package #872661 is on hold at customs. Clear payment: http://secure-verify-account.xyz/login,1,Delivery & Package Scam,synthetic_scam
"Hi team, just pushed the latest bug fix to the main branch. Please pull and run tests locally.",0,Legitimate Message,curated_ham
Lucky Winner! Your phone won a free PlayStation 5. Reply YES to claim or visit http://support-unlock-portal.net,1,Lottery & Prize Scam,synthetic_scam
Lucky Winner! Your phone won a free Rolex Watch. Reply YES to claim or visit http://support-unlock-portal.net,1,Lottery & Prize Scam,synthetic_scam
Security Notice: Citibank detected suspicious activity. Confirm your login at http://bit.ly/claim-reward-now,1,Banking / KYC Fraud,synthetic_scam
"SBI: Unauthorized transfer of $50,000 to unknown account. Cancel now: http://secure-verify-account.xyz/login",1,Banking / KYC Fraud,synthetic_scam
Your verification code for Netflix is 798232. Valid for 5 minutes. Do not share with anyone.,0,Legitimate Message,synthetic_ham
Your monthly electric bill of $138.50 has been paid via automatic debit.,0,Legitimate Message,synthetic_ham
"Hi David, I left the book on your desk. Let me know if you need anything else.",0,Legitimate Message,synthetic_ham
IRS Warning: Legal warrant #810163 issued for your arrest. Call +44-20-7946-0912 immediately to settle.,1,Threat & Impersonation Scam,synthetic_scam
Your verification code for Apple ID is 583482. Valid for 5 minutes. Do not share with anyone.,0,Legitimate Message,synthetic_ham
Reminder: Doctor appointment with Dr. Patel on Thursday at 6:15 PM.,0,Legitimate Message,synthetic_ham
Instagram Alert: Login attempt from Beijing. Secure your account now at http://support-unlock-portal.net,1,Phishing & Account Security,synthetic_scam
"Hi Sarah, I left the laptop charger on your desk. Let me know if you need anything else.",0,Legitimate Message,synthetic_ham
Reminder: Doctor appointment with Dr. Johnson on Friday at 10:00 AM.,0,Legitimate Message,synthetic_ham
"Hey, running about 10 minutes late due to traffic! See you shortly.",0,Legitimate Message,synthetic_ham
IRS Warning: Legal warrant #166667 issued for your arrest. Call +1-800-555-0144 immediately to settle.,1,Threat & Impersonation Scam,synthetic_scam
USPS Alert: Your parcel could not be delivered on 08/19 due to missing street address. Please update your address and pay $1.99 redelivery fee at http://usps-redelivery-portal.info,1,Delivery & Package Scam,curated_scam
"Congratulations! You won $1,200 in Tech Promo Draw. Claim your prize at http://support-unlock-portal.net",1,Lottery & Prize Scam,synthetic_scam
Thanks for dining with Starbucks! Your receipt for $115.50 has been emailed.,0,Legitimate Message,synthetic_ham
"Police Dept: Case filed against you for unpaid penalty of $2,500. Contact +44-20-7946-0912.",1,Threat & Impersonation Scam,synthetic_scam
Your order from Sephora has shipped! Estimated delivery: Tuesday. Track in app.,0,Legitimate Message,synthetic_ham
Simple online job: Watch videos and earn $250 daily. Register here: http://bit.ly/claim-reward-now,1,Job & Task Scam,synthetic_scam
Simple online job: Watch videos and earn $1.5 daily. Register here: http://support-unlock-portal.net,1,Job & Task Scam,synthetic_scam
Customs & Border Protection: A suspicious parcel containing illegal contraband under your name was seized. Call federal agent at +1-888-555-0133 to resolve case.,1,Threat & Impersonation Scam,curated_scam
"Hi David, I left the meeting notes on your desk. Let me know if you need anything else.",0,Legitimate Message,synthetic_ham
"You have unclaimed rewards of $10,000. Withdraw to your account at http://auth-kyc-desk.online/update",1,Lottery & Prize Scam,synthetic_scam
"Hey Sarah, are we still on for coffee at 7:30 PM?",0,Legitimate Message,synthetic_ham
Can you send me the latest draft for the Security Audit presentation before 3 PM?,0,Legitimate Message,synthetic_ham
"Hey, running about 10 minutes late due to traffic! See you shortly.",0,Legitimate Message,synthetic_ham
FedEx: Your package delivery failed. Confirm address & pay $1.5 fee at http://auth-kyc-desk.online/update,1,Delivery & Package Scam,synthetic_scam
"Hey, running about 10 minutes late due to traffic! See you shortly.",0,Legitimate Message,synthetic_ham
Your order from Nike has shipped! Estimated delivery: Friday. Track in app.,0,Legitimate Message,synthetic_ham
Your monthly electric bill of $134.50 has been paid via automatic debit.,0,Legitimate Message,synthetic_ham
"Hey Emily, are we still on for lunch at 2:00 PM?",0,Legitimate Message,synthetic_ham
Kraken: Pending withdrawal of 1.5 BTC. Confirm or cancel at http://support-unlock-portal.net,1,Crypto & Investment Fraud,synthetic_scam
"Hey, running about 10 minutes late due to traffic! See you shortly.",0,Legitimate Message,synthetic_ham
Your verification code for Apple ID is 943612. Valid for 5 minutes. Do not share with anyone.,0,Legitimate Message,synthetic_ham
"Hi Sarah, I left the book on your desk. Let me know if you need anything else.",0,Legitimate Message,synthetic_ham
"Hey David, are we still on for the movie at 2:00 PM?",0,Legitimate Message,synthetic_ham
Your order from Amazon has shipped! Estimated delivery: Wednesday. Track in app.,0,Legitimate Message,synthetic_ham
IRS Warning: Legal warrant #166747 issued for your arrest. Call +91-9876543210 immediately to settle.,1,Threat & Impersonation Scam,synthetic_scam
Your verification code for Slack is 975940. Valid for 5 minutes. Do not share with anyone.,0,Legitimate Message,synthetic_ham
Double your Solana deposit in 24 hours. Send 0.5 Solana to receive 1.0 Solana at http://support-unlock-portal.net,1,Crypto & Investment Fraud,synthetic_scam
Thanks for dining with Subway! Your receipt for $21.50 has been emailed.,0,Legitimate Message,synthetic_ham
"Simple online job: Watch videos and earn $10,000 daily. Register here: http://support-unlock-portal.net",1,Job & Task Scam,synthetic_scam
UPS Notice: Delivery rescheduled. View package status here: http://secure-verify-account.xyz/login,1,Delivery & Package Scam,synthetic_scam
"Hey, running about 10 minutes late due to traffic! See you shortly.",0,Legitimate Message,synthetic_ham
Flight confirmation: Delta Flight DL428 from JFK to LAX departs at 8:45 AM on Friday. Gate B22.,0,Legitimate Message,curated_ham
You have unclaimed rewards of $1.5. Withdraw to your account at http://tracking-reschedule-post.top,1,Lottery & Prize Scam,synthetic_scam
"You have unclaimed rewards of $1,200. Withdraw to your account at http://tracking-reschedule-post.top",1,Lottery & Prize Scam,synthetic_scam
"Hiring now: Part time remote assistant. Earn $1,200/day working from home. WhatsApp: +91-9876543210",1,Job & Task Scam,synthetic_scam
"Hey, running about 10 minutes late due to traffic! See you shortly.",0,Legitimate Message,synthetic_ham
"Google Security Team: Someone just logged into your Gmail from Moscow, Russia. If this wasn't you, secure your account at https://accounts-google-verify.com/login",1,Phishing & Account Security,curated_scam
"Hi team, meeting notes from today's Mobile App Redesign sync are uploaded to Drive.",0,Legitimate Message,synthetic_ham
Congratulations! You won $250 in Global Lottery. Claim your prize at http://auth-kyc-desk.online/update,1,Lottery & Prize Scam,synthetic_scam
Security Notice: HDFC detected suspicious activity. Confirm your login at http://tracking-reschedule-post.top,1,Banking / KYC Fraud,synthetic_scam
Reminder: Doctor appointment with Dr. Brown on Wednesday at 6:15 PM.,0,Legitimate Message,synthetic_ham
"Hi Daniel, I left the project report on your desk. Let me know if you need anything else.",0,Legitimate Message,synthetic_ham
"Hi Michael, I left the office keys on your desk. Let me know if you need anything else.",0,Legitimate Message,synthetic_ham
"Hey Alex, are we still on for coffee at 2:00 PM?",0,Legitimate Message,synthetic_ham
"Police Dept: Case filed against you for unpaid penalty of $10,000. Contact +1-800-555-0144.",1,Threat & Impersonation Scam,synthetic_scam
Tracking Alert: Package #831537 is on hold at customs. Clear payment: http://tinyurl.com/fast-payout-2026,1,Delivery & Package Scam,synthetic_scam
Thanks for dining with Sweetgreen! Your receipt for $126.50 has been emailed.,0,Legitimate Message,synthetic_ham
Tracking Alert: Package #837844 is on hold at customs. Clear payment: http://secure-verify-account.xyz/login,1,Delivery & Package Scam,synthetic_scam
Your PayPal subscription has expired. Update billing details at http://secure-verify-account.xyz/login to keep access.,1,Phishing & Account Security,synthetic_scam
IRS Warning: Legal warrant #456775 issued for your arrest. Call +44-20-7946-0912 immediately to settle.,1,Threat & Impersonation Scam,synthetic_scam
"UPS: Your package delivery failed. Confirm address & pay $50,000 fee at http://bit.ly/claim-reward-now",1,Delivery & Package Scam,synthetic_scam
"Hi team, meeting notes from today's Mobile App Redesign sync are uploaded to Drive.",0,Legitimate Message,synthetic_ham
"Hey, running about 10 minutes late due to traffic! See you shortly.",0,Legitimate Message,synthetic_ham
Hiring now: Part time remote assistant. Earn $500/day working from home. WhatsApp: +1-888-555-0199,1,Job & Task Scam,synthetic_scam
"Hey, running about 10 minutes late due to traffic! See you shortly.",0,Legitimate Message,synthetic_ham
Hiring now: Part time remote assistant. Earn $500/day working from home. WhatsApp: +91-9876543210,1,Job & Task Scam,synthetic_scam
"Hi team, meeting notes from today's Mobile App Redesign sync are uploaded to Drive.",0,Legitimate Message,synthetic_ham
Royal Mail Notice: Delivery rescheduled. View package status here: https://billing-resolution-portal.site,1,Delivery & Package Scam,synthetic_scam
"Simple online job: Watch videos and earn $10,000 daily. Register here: http://bit.ly/claim-reward-now",1,Job & Task Scam,synthetic_scam
Reminder: Doctor appointment with Dr. Brown on tomorrow at 6:15 PM.,0,Legitimate Message,synthetic_ham
"Hi James, I left the project report on your desk. Let me know if you need anything else.",0,Legitimate Message,synthetic_ham
Your monthly electric bill of $66.50 has been paid via automatic debit.,0,Legitimate Message,synthetic_ham
Tracking Alert: Package #920783 is on hold at customs. Clear payment: http://auth-kyc-desk.online/update,1,Delivery & Package Scam,synthetic_scam
"Police Dept: Case filed against you for unpaid penalty of $1,200. Contact +91-9876543210.",1,Threat & Impersonation Scam,synthetic_scam
You have unclaimed rewards of $1.5. Withdraw to your account at http://bit.ly/claim-reward-now,1,Lottery & Prize Scam,synthetic_scam
"Simple online job: Watch videos and earn $50,000 daily. Register here: http://tinyurl.com/fast-payout-2026",1,Job & Task Scam,synthetic_scam
"Hey, running about 10 minutes late due to traffic! See you shortly.",0,Legitimate Message,synthetic_ham
Your monthly electric bill of $110.50 has been paid via automatic debit.,0,Legitimate Message,synthetic_ham
"Congratulations! You won $50,000 in Global Lottery. Claim your prize at http://bit.ly/claim-reward-now",1,Lottery & Prize Scam,synthetic_scam
Reminder: Doctor appointment with Dr. Smith on tomorrow at 6:15 PM.,0,Legitimate Message,synthetic_ham
"Simple online job: Watch videos and earn $10,000 daily. Register here: http://secure-verify-account.xyz/login",1,Job & Task Scam,synthetic_scam
"Simple online job: Watch videos and earn $2,500 daily. Register here: http://auth-kyc-desk.online/update",1,Job & Task Scam,synthetic_scam
Your order from Apple Store has shipped! Estimated delivery: Monday. Track in app.,0,Legitimate Message,synthetic_ham
"Simple online job: Watch videos and earn $10,000 daily. Register here: http://bit.ly/claim-reward-now",1,Job & Task Scam,synthetic_scam
"Police Dept: Case filed against you for unpaid penalty of $50,000. Contact +1-888-555-0199.",1,Threat & Impersonation Scam,synthetic_scam
Apple Alert: Login attempt from Bucharest. Secure your account now at https://billing-resolution-portal.site,1,Phishing & Account Security,synthetic_scam
"Hey David, are we still on for gym workout at 7:30 PM?",0,Legitimate Message,synthetic_ham
"Coinbase: Pending withdrawal of 2,500 Solana. Confirm or cancel at http://tracking-reschedule-post.top",1,Crypto & Investment Fraud,synthetic_scam
Your verification code for Discord is 844848. Valid for 5 minutes. Do not share with anyone.,0,Legitimate Message,synthetic_ham
"Hi James, I left the office keys on your desk. Let me know if you need anything else.",0,Legitimate Message,synthetic_ham
Simple online job: Watch videos and earn $500 daily. Register here: http://bit.ly/claim-reward-now,1,Job & Task Scam,synthetic_scam
Reminder: Doctor appointment with Dr. Brown on Monday at 10:00 AM.,0,Legitimate Message,synthetic_ham
"Simple online job: Watch videos and earn $2,500 daily. Register here: http://tinyurl.com/fast-payout-2026",1,Job & Task Scam,synthetic_scam
Hiring now: Part time remote assistant. Earn $500/day working from home. WhatsApp: +1-917-555-0182,1,Job & Task Scam,synthetic_scam
URGENT ALERT: Your Wells Fargo account has unauthorized transactions. Verify your identity now: https://wellsfargo-secure-login.top or call +1-800-555-0199.,1,Banking / KYC Fraud,curated_scam
IRS Warning: Legal warrant #479605 issued for your arrest. Call +1-917-555-0182 immediately to settle.,1,Threat & Impersonation Scam,synthetic_scam
"Hey Alex, are we still on for coffee at 10:00 AM?",0,Legitimate Message,synthetic_ham
Your verification code for Slack is 165037. Valid for 5 minutes. Do not share with anyone.,0,Legitimate Message,synthetic_ham
"Hi team, meeting notes from today's Security Audit sync are uploaded to Drive.",0,Legitimate Message,synthetic_ham
"Hiring now: Part time remote assistant. Earn $10,000/day working from home. WhatsApp: +91-9876543210",1,Job & Task Scam,synthetic_scam
Your monthly electric bill of $160.50 has been paid via automatic debit.,0,Legitimate Message,synthetic_ham
Can you send me the latest draft for the Security Audit presentation before 3 PM?,0,Legitimate Message,synthetic_ham
Hiring now: Part time remote assistant. Earn $500/day working from home. WhatsApp: +1-800-555-0144,1,Job & Task Scam,synthetic_scam
Hiring now: Part time remote assistant. Earn $500/day working from home. WhatsApp: +44-20-7946-0912,1,Job & Task Scam,synthetic_scam
"Hi James, I left the book on your desk. Let me know if you need anything else.",0,Legitimate Message,synthetic_ham
"Hi team, meeting notes from today's Backend Refactoring sync are uploaded to Drive.",0,Legitimate Message,synthetic_ham
"Guaranteed daily profit of $10,000 with AI crypto trader. Sign up free: http://auth-kyc-desk.online/update",1,Crypto & Investment Fraud,synthetic_scam
"Hiring now: Part time remote assistant. Earn $50,000/day working from home. WhatsApp: +1-917-555-0182",1,Job & Task Scam,synthetic_scam
Reminder: Doctor appointment with Dr. Johnson on Wednesday at 12:30 PM.,0,Legitimate Message,synthetic_ham
"Hey, running about 10 minutes late due to traffic! See you shortly.",0,Legitimate Message,synthetic_ham
"Hey Michael, are we still on for gym workout at 7:30 PM?",0,Legitimate Message,synthetic_ham
Guaranteed daily profit of $500 with AI crypto trader. Sign up free: http://auth-kyc-desk.online/update,1,Crypto & Investment Fraud,synthetic_scam
Your verification code for Discord is 235491. Valid for 5 minutes. Do not share with anyone.,0,Legitimate Message,synthetic_ham
"Hiring now: Part time remote assistant. Earn $1,200/day working from home. WhatsApp: +1-800-555-0144",1,Job & Task Scam,synthetic_scam
Your verification code for Google is 712039. Valid for 5 minutes. Do not share with anyone.,0,Legitimate Message,synthetic_ham
IRS Warning: Legal warrant #982562 issued for your arrest. Call +91-9876543210 immediately to settle.,1,Threat & Impersonation Scam,synthetic_scam
Your order from Sephora has shipped! Estimated delivery: tomorrow. Track in app.,0,Legitimate Message,synthetic_ham
"Dear customer, your PAN card is not linked to Bank of America. Update immediately: http://tracking-reschedule-post.top",1,Banking / KYC Fraud,synthetic_scam
"Hey Alex, are we still on for our study session at 2:00 PM?",0,Legitimate Message,synthetic_ham
IRS Warning: Legal warrant #604739 issued for your arrest. Call +44-20-7946-0912 immediately to settle.,1,Threat & Impersonation Scam,synthetic_scam
"Hi Michael, I left the project report on your desk. Let me know if you need anything else.",0,Legitimate Message,synthetic_ham
Your monthly electric bill of $101.50 has been paid via automatic debit.,0,Legitimate Message,synthetic_ham
DHL Notice: Delivery rescheduled. View package status here: http://tinyurl.com/fast-payout-2026,1,Delivery & Package Scam,synthetic_scam
Police Dept: Case filed against you for unpaid penalty of $500. Contact +91-9876543210.,1,Threat & Impersonation Scam,synthetic_scam
Your order from Best Buy has shipped! Estimated delivery: Tuesday. Track in app.,0,Legitimate Message,synthetic_ham
"Police Dept: Case filed against you for unpaid penalty of $10,000. Contact +1-800-555-0144.",1,Threat & Impersonation Scam,synthetic_scam
"Hey David, are we still on for our study session at 12:30 PM?",0,Legitimate Message,synthetic_ham
"Hey Daniel, are we still on for our study session at 2:00 PM?",0,Legitimate Message,synthetic_ham
Can you send me the latest draft for the Q3 Marketing Plan presentation before 3 PM?,0,Legitimate Message,synthetic_ham
Reminder: Doctor appointment with Dr. Brown on Friday at 12:30 PM.,0,Legitimate Message,synthetic_ham
"Police Dept: Case filed against you for unpaid penalty of $1,200. Contact +1-888-555-0199.",1,Threat & Impersonation Scam,synthetic_scam
Urgent: HDFC card blocked. Call +1-888-555-0199 or visit http://secure-verify-account.xyz/login with your CVV to unblock.,1,Banking / KYC Fraud,synthetic_scam
Can you send me the latest draft for the Security Audit presentation before 3 PM?,0,Legitimate Message,synthetic_ham
Thanks for dining with Chipotle! Your receipt for $70.50 has been emailed.,0,Legitimate Message,synthetic_ham
UPS: Your package delivery failed. Confirm address & pay $500 fee at http://tracking-reschedule-post.top,1,Delivery & Package Scam,synthetic_scam
Your verification code for Google is 744870. Valid for 5 minutes. Do not share with anyone.,0,Legitimate Message,synthetic_ham
"Hey, running about 10 minutes late due to traffic! See you shortly.",0,Legitimate Message,synthetic_ham
"Hi James, I left the project report on your desk. Let me know if you need anything else.",0,Legitimate Message,synthetic_ham
IRS Warning: Legal warrant #667971 issued for your arrest. Call +1-800-555-0144 immediately to settle.,1,Threat & Impersonation Scam,synthetic_scam
"Simple online job: Watch videos and earn $2,500 daily. Register here: https://billing-resolution-portal.site",1,Job & Task Scam,synthetic_scam
Your verification code for Slack is 335517. Valid for 5 minutes. Do not share with anyone.,0,Legitimate Message,synthetic_ham
Can you send me the latest draft for the Q3 Marketing Plan presentation before 3 PM?,0,Legitimate Message,synthetic_ham
"Hey Jessica, are we still on for our study session at 6:15 PM?",0,Legitimate Message,synthetic_ham
"Simple online job: Watch videos and earn $1,200 daily. Register here: http://bit.ly/claim-reward-now",1,Job & Task Scam,synthetic_scam
"Hey James, are we still on for our study session at 12:30 PM?",0,Legitimate Message,synthetic_ham
Police Dept: Case filed against you for unpaid penalty of $500. Contact +1-917-555-0182.,1,Threat & Impersonation Scam,synthetic_scam
Lucky Winner! Your phone won a free PlayStation 5. Reply YES to claim or visit http://tinyurl.com/fast-payout-2026,1,Lottery & Prize Scam,synthetic_scam
Thanks for dining with Starbucks! Your receipt for $153.50 has been emailed.,0,Legitimate Message,synthetic_ham
Your order from Best Buy has shipped! Estimated delivery: Friday. Track in app.,0,Legitimate Message,synthetic_ham
"Hi team, meeting notes from today's Q3 Marketing Plan sync are uploaded to Drive.",0,Legitimate Message,synthetic_ham
Reminder: Doctor appointment with Dr. Garcia on Monday at 7:30 PM.,0,Legitimate Message,synthetic_ham
UPS: Your package delivery failed. Confirm address & pay $1.5 fee at http://auth-kyc-desk.online/update,1,Delivery & Package Scam,synthetic_scam
IRS Warning: Legal warrant #354264 issued for your arrest. Call +1-917-555-0182 immediately to settle.,1,Threat & Impersonation Scam,synthetic_scam
Thanks for dining with Sweetgreen! Your receipt for $26.50 has been emailed.,0,Legitimate Message,synthetic_ham
Your Uber driver is arriving in 3 minutes in a Silver Toyota Camry (License Plate: 7XYZ89).,0,Legitimate Message,curated_ham
"Hey Emily, are we still on for the movie at 7:30 PM?",0,Legitimate Message,synthetic_ham
Facebook Alert: Login attempt from Beijing. Secure your account now at http://tinyurl.com/fast-payout-2026,1,Phishing & Account Security,synthetic_scam
"Microsoft Security: Password reset requested. If this wasn't you, verify at http://tracking-reschedule-post.top",1,Phishing & Account Security,synthetic_scam
"Police Dept: Case filed against you for unpaid penalty of $10,000. Contact +1-888-555-0199.",1,Threat & Impersonation Scam,synthetic_scam
Royal Mail Notice: Delivery rescheduled. View package status here: http://secure-verify-account.xyz/login,1,Delivery & Package Scam,synthetic_scam
"Coinbase: Pending withdrawal of 50,000 USDT. Confirm or cancel at http://auth-kyc-desk.online/update",1,Crypto & Investment Fraud,synthetic_scam
"Dear customer, your PAN card is not linked to HDFC. Update immediately: http://secure-verify-account.xyz/login",1,Banking / KYC Fraud,synthetic_scam
"Hi team, meeting notes from today's Backend Refactoring sync are uploaded to Drive.",0,Legitimate Message,synthetic_ham
Your verification code for Google is 584524. Valid for 5 minutes. Do not share with anyone.,0,Legitimate Message,synthetic_ham
Security Notice: Capital One detected suspicious activity. Confirm your login at http://secure-verify-account.xyz/login,1,Banking / KYC Fraud,synthetic_scam
Your order from Sephora has shipped! Estimated delivery: Friday. Track in app.,0,Legitimate Message,synthetic_ham
"FedEx: Your package delivery failed. Confirm address & pay $50,000 fee at https://billing-resolution-portal.site",1,Delivery & Package Scam,synthetic_scam
Your Microsoft subscription has expired. Update billing details at http://auth-kyc-desk.online/update to keep access.,1,Phishing & Account Security,synthetic_scam
Meta / Instagram: Copyright infringement detected on your profile. Submit appeal within 24 hours at https://meta-appeal-center.net or account will be banned.,1,Phishing & Account Security,curated_scam
Reminder: Doctor appointment with Dr. Garcia on Friday at 7:30 PM.,0,Legitimate Message,synthetic_ham
Police Dept: Case filed against you for unpaid penalty of $1.5. Contact +1-917-555-0182.,1,Threat & Impersonation Scam,synthetic_scam
Lucky Winner! Your phone won a free iPhone 16 Pro. Reply YES to claim or visit http://tracking-reschedule-post.top,1,Lottery & Prize Scam,synthetic_scam
UPS: Your package delivery failed. Confirm address & pay $250 fee at http://auth-kyc-desk.online/update,1,Delivery & Package Scam,synthetic_scam
"Hey, running about 10 minutes late due to traffic! See you shortly.",0,Legitimate Message,synthetic_ham
"Dear customer, your PAN card is not linked to SBI. Update immediately: http://secure-verify-account.xyz/login",1,Banking / KYC Fraud,synthetic_scam
Can you send me the latest draft for the Mobile App Redesign presentation before 3 PM?,0,Legitimate Message,synthetic_ham
Thanks for dining with Panera Bread! Your receipt for $45.50 has been emailed.,0,Legitimate Message,synthetic_ham
Reminder: Doctor appointment with Dr. Garcia on Monday at 2:00 PM.,0,Legitimate Message,synthetic_ham
"Hiring now: Part time remote assistant. Earn $10,000/day working from home. WhatsApp: +1-888-555-0199",1,Job & Task Scam,synthetic_scam
Your order from Sephora has shipped! Estimated delivery: tomorrow. Track in app.,0,Legitimate Message,synthetic_ham
Lucky Winner! Your phone won a free Tesla Model 3. Reply YES to claim or visit http://auth-kyc-desk.online/update,1,Lottery & Prize Scam,synthetic_scam
Thanks for dining with Starbucks! Your receipt for $28.50 has been emailed.,0,Legitimate Message,synthetic_ham
Double your Bitcoin deposit in 24 hours. Send 0.5 Bitcoin to receive 1.0 Bitcoin at http://secure-verify-account.xyz/login,1,Crypto & Investment Fraud,synthetic_scam
"Hi Daniel, I left the project report on your desk. Let me know if you need anything else.",0,Legitimate Message,synthetic_ham
Tracking Alert: Package #362099 is on hold at customs. Clear payment: http://tinyurl.com/fast-payout-2026,1,Delivery & Package Scam,synthetic_scam
Your monthly electric bill of $112.50 has been paid via automatic debit.,0,Legitimate Message,synthetic_ham
"Facebook Security: Password reset requested. If this wasn't you, verify at https://billing-resolution-portal.site",1,Phishing & Account Security,synthetic_scam
Tracking Alert: Package #329983 is on hold at customs. Clear payment: https://billing-resolution-portal.site,1,Delivery & Package Scam,synthetic_scam
Can you send me the latest draft for the Security Audit presentation before 3 PM?,0,Legitimate Message,synthetic_ham
Hiring now: Part time remote assistant. Earn $1.5/day working from home. WhatsApp: +1-917-555-0182,1,Job & Task Scam,synthetic_scam
Your monthly electric bill of $41.50 has been paid via automatic debit.,0,Legitimate Message,synthetic_ham
Can you send me the latest draft for the Q3 Marketing Plan presentation before 3 PM?,0,Legitimate Message,synthetic_ham
Tracking Alert: Package #341542 is on hold at customs. Clear payment: http://secure-verify-account.xyz/login,1,Delivery & Package Scam,synthetic_scam
Your order from Best Buy has shipped! Estimated delivery: Thursday. Track in app.,0,Legitimate Message,synthetic_ham
"Hi team, meeting notes from today's Q3 Marketing Plan sync are uploaded to Drive.",0,Legitimate Message,synthetic_ham
"Hey Daniel, are we still on for the movie at 6:15 PM?",0,Legitimate Message,synthetic_ham
"Dear customer, your PAN card is not linked to Bank of America. Update immediately: https://billing-resolution-portal.site",1,Banking / KYC Fraud,synthetic_scam
"Urgent requirement: Freelance reviewers needed. Earn $2,000 weekly. Contact HR Manager on Telegram @GlobalHRRecruiter",1,Job & Task Scam,curated_scam
Your verification code for Apple ID is 607546. Valid for 5 minutes. Do not share with anyone.,0,Legitimate Message,synthetic_ham
You have unclaimed rewards of $1.5. Withdraw to your account at http://support-unlock-portal.net,1,Lottery & Prize Scam,synthetic_scam
Thanks for dining with Starbucks! Your receipt for $93.50 has been emailed.,0,Legitimate Message,synthetic_ham
Hiring now: Part time remote assistant. Earn $250/day working from home. WhatsApp: +1-917-555-0182,1,Job & Task Scam,synthetic_scam
"Hi Emma, I left the laptop charger on your desk. Let me know if you need anything else.",0,Legitimate Message,synthetic_ham
Police Dept: Case filed against you for unpaid penalty of $1.5. Contact +91-9876543210.,1,Threat & Impersonation Scam,synthetic_scam
"Hi team, meeting notes from today's Backend Refactoring sync are uploaded to Drive.",0,Legitimate Message,synthetic_ham
Security Notice: Chase detected suspicious activity. Confirm your login at http://auth-kyc-desk.online/update,1,Banking / KYC Fraud,synthetic_scam
Microsoft 365: Your password will expire today. Keep current password by logging in: http://outlook-reauth-portal.com,1,Phishing & Account Security,curated_scam
Hiring now: Part time remote assistant. Earn $250/day working from home. WhatsApp: +44-20-7946-0912,1,Job & Task Scam,synthetic_scam
Police Dept: Case filed against you for unpaid penalty of $1.5. Contact +91-9876543210.,1,Threat & Impersonation Scam,synthetic_scam
Hiring now: Part time remote assistant. Earn $1.5/day working from home. WhatsApp: +1-917-555-0182,1,Job & Task Scam,synthetic_scam
"PayPal Security: Password reset requested. If this wasn't you, verify at http://support-unlock-portal.net",1,Phishing & Account Security,synthetic_scam
"Hi team, meeting notes from today's Q3 Marketing Plan sync are uploaded to Drive.",0,Legitimate Message,synthetic_ham
"Special reward! You have 5,420 unredeemed reward points worth $542 expiring today. Redeem for cash now at http://points-redeem-cash.top",1,Lottery & Prize Scam,curated_scam
Guaranteed daily profit of $1.5 with AI crypto trader. Sign up free: https://billing-resolution-portal.site,1,Crypto & Investment Fraud,synthetic_scam
Can you send me the latest draft for the Backend Refactoring presentation before 3 PM?,0,Legitimate Message,synthetic_ham
"Hi team, meeting notes from today's Backend Refactoring sync are uploaded to Drive.",0,Legitimate Message,synthetic_ham
Congratulations! You won $500 in Global Lottery. Claim your prize at http://tinyurl.com/fast-payout-2026,1,Lottery & Prize Scam,synthetic_scam
Your verification code for LinkedIn is 123972. Valid for 5 minutes. Do not share with anyone.,0,Legitimate Message,synthetic_ham
Your monthly electric bill of $136.50 has been paid via automatic debit.,0,Legitimate Message,synthetic_ham
Thanks for dining with Subway! Your receipt for $137.50 has been emailed.,0,Legitimate Message,synthetic_ham
"You have unclaimed rewards of $10,000. Withdraw to your account at http://tinyurl.com/fast-payout-2026",1,Lottery & Prize Scam,synthetic_scam
"Hi David, I left the project report on your desk. Let me know if you need anything else.",0,Legitimate Message,synthetic_ham
Thanks for dining with Starbucks! Your receipt for $47.50 has been emailed.,0,Legitimate Message,synthetic_ham
Guaranteed daily profit of $1.5 with AI crypto trader. Sign up free: http://tracking-reschedule-post.top,1,Crypto & Investment Fraud,synthetic_scam
"Hi David, I left the office keys on your desk. Let me know if you need anything else.",0,Legitimate Message,synthetic_ham
IRS Warning: Legal warrant #549725 issued for your arrest. Call +91-9876543210 immediately to settle.,1,Threat & Impersonation Scam,synthetic_scam
"Hi team, meeting notes from today's Backend Refactoring sync are uploaded to Drive.",0,Legitimate Message,synthetic_ham
"Hey Sarah, are we still on for dinner at 6:15 PM?",0,Legitimate Message,synthetic_ham
"KuCoin: Pending withdrawal of 50,000 Bitcoin. Confirm or cancel at http://tracking-reschedule-post.top",1,Crypto & Investment Fraud,synthetic_scam
Elon Musk Giveaway: Send 0.1 BTC to receive 0.5 BTC back immediately! Guaranteed 500% profit. Join official event at http://elon-crypto-event.xyz,1,Crypto & Investment Fraud,curated_scam
"Police Dept: Case filed against you for unpaid penalty of $50,000. Contact +91-9876543210.",1,Threat & Impersonation Scam,synthetic_scam
"Hi team, meeting notes from today's Mobile App Redesign sync are uploaded to Drive.",0,Legitimate Message,synthetic_ham
Your Netflix subscription has expired. Update billing details at http://tracking-reschedule-post.top to keep access.,1,Phishing & Account Security,synthetic_scam
Your verification code for Google is 297529. Valid for 5 minutes. Do not share with anyone.,0,Legitimate Message,synthetic_ham
Can you send me the latest draft for the Backend Refactoring presentation before 3 PM?,0,Legitimate Message,synthetic_ham
"Police Dept: Case filed against you for unpaid penalty of $1,200. Contact +91-9876543210.",1,Threat & Impersonation Scam,synthetic_scam
Reminder: Doctor appointment with Dr. Smith on Wednesday at 7:30 PM.,0,Legitimate Message,synthetic_ham
Double your ETH deposit in 24 hours. Send 0.5 ETH to receive 1.0 ETH at https://billing-resolution-portal.site,1,Crypto & Investment Fraud,synthetic_scam
"Hey Daniel, are we still on for lunch at 10:00 AM?",0,Legitimate Message,synthetic_ham
Your PayPal subscription has expired. Update billing details at http://secure-verify-account.xyz/login to keep access.,1,Phishing & Account Security,synthetic_scam
"Hi team, meeting notes from today's Mobile App Redesign sync are uploaded to Drive.",0,Legitimate Message,synthetic_ham
Can you send me the latest draft for the Security Audit presentation before 3 PM?,0,Legitimate Message,synthetic_ham
Simple online job: Watch videos and earn $1.5 daily. Register here: http://support-unlock-portal.net,1,Job & Task Scam,synthetic_scam
Canada Post: Your package delivery failed. Confirm address & pay $500 fee at http://support-unlock-portal.net,1,Delivery & Package Scam,synthetic_scam
Can you send me the latest draft for the Q3 Marketing Plan presentation before 3 PM?,0,Legitimate Message,synthetic_ham
Tracking Alert: Package #737561 is on hold at customs. Clear payment: http://tracking-reschedule-post.top,1,Delivery & Package Scam,synthetic_scam
"Lucky Winner! Your phone won a free $1,000 Walmart Gift Card. Reply YES to claim or visit http://auth-kyc-desk.online/update",1,Lottery & Prize Scam,synthetic_scam
Your order from Apple Store has shipped! Estimated delivery: Friday. Track in app.,0,Legitimate Message,synthetic_ham
"Hey Alex, are we still on for coffee at 10:00 AM?",0,Legitimate Message,synthetic_ham
"Hey Emily, are we still on for lunch at 2:00 PM?",0,Legitimate Message,synthetic_ham
Your order from Best Buy has shipped! Estimated delivery: Thursday. Track in app.,0,Legitimate Message,synthetic_ham
"Hi team, meeting notes from today's Backend Refactoring sync are uploaded to Drive.",0,Legitimate Message,synthetic_ham
